,Parent,Avg_Monthly_Supply,Parent Agency No.,No.,Name,Name 2,Address,City,State,ZIP Code,FBC County Code,Full_address,Latitude,Longitude
0,D1001,9539.738095238095,D1001,D1001FP,ACTS of Vance County,,201 S William St,Henderson,NC,27536,VANCE,201 S William St Henderson NC 27536,36.32569,-78.403458
1,D1002,5479.411904761905,D1002,D1002GH,Alliance Rehabilitative Care - Men,Halfway House,1020 County Home Rd,Henderson,NC,27536,VANCE,1020 County Home Rd Henderson NC 27536,36.3201881,-78.3946617
2,D1003,3849.5,D1003,D1003CSFP,CSFP - Passmore Center (Orange,,103 Meadowlands Dr,Hillsborough,NC,27278,ORANGE,103 Meadowlands Dr Hillsborough NC 27278,36.062973,-79.077442
3,D1004,115.0,D1004,D1004KSM,SFSP - RTP Kids Place,,1727 Ed Cook Rd,Durham,NC,27703,DURHAM,1727 Ed Cook Rd Durham NC 27703,35.9452074,-78.8736442
4,D1005,9718.623333333331,D1005,D1005FP,Alston Chapel United Holy,Church,1832 Alston Chapel Rd,Pittsboro,NC,27312,CHATHAM,1832 Alston Chapel Rd Pittsboro NC 27312,35.7088751,-79.2215055
5,D1006,1207.5555555555557,D1006,D1006FP,Anathoth House,,315 Dabney Dr,Henderson,NC,27536,VANCE,315 Dabney Dr Henderson NC 27536,36.3221517,-78.4187021
6,D1007,476.94117647058823,D1007,D1007FP,Another Chance For,,1005 Broad St,Durham,NC,27702,DURHAM,1005 Broad St Durham NC 27702,36.0139688,-78.9196397
7,D1008,81842.89916666667,D1008,D1008FP,Area Congregations in Ministry,,634 Roxboro Rd,Oxford,NC,27565,GRANVILLE,634 Roxboro Rd Oxford NC 27565,36.3240512,-78.6077973
8,D1009,4071.0833333333335,D1009,D1009FP,Believers United for Progress,New Visions of Africa,1306 Fayetteville St,Durham,NC,27707,DURHAM,1306 Fayetteville St Durham NC 27707,35.978597,-78.900195
9,D1010,8460.229166666666,D1010,D1010FP,Bell-Yeager,,128 E Cornwallis Rd,Durham,NC,27707,DURHAM,128 E Cornwallis Rd Durham NC 27707,35.9634293,-78.9177941
10,D1011,5792.833333333333,D1011,D1011FP,Belton Creek Baptist Church,,4153 Hwy 96 S,Oxford,NC,27565,GRANVILLE,4153 Hwy 96 S Oxford NC 27565,36.404618,-78.685721
11,D1012,6681.739130434783,D1012,D1012FP,Big Ruin Creek Baptist,,16 Big Ruin Creek Ln,Henderson,NC,27537,VANCE,16 Big Ruin Creek Ln Henderson NC 27537,36.3566714,-78.4831751
12,D1013,1426.0217391304348,D1013,D1013FP,Birchwood Learning Center,,416 Walton St,Durham,NC,27703,DURHAM,416 Walton St Durham NC 27703,35.9812758,-78.846854
13,D1014,965.7142857142856,D1014,D1014AS,Boys and Girls Club of Greater,Durham,1010 Martin Luther Pkwy,Durham,NC,27702,DURHAM,1010 Martin Luther Pkwy Durham NC 27702,35.9503675,-78.9251945
14,D1015,8287.84625,D1015,D1015FP,ata,,242 Baptist Church Rd,Henderson,NC,27537,VANCE,242 Baptist Church Rd Henderson NC 27537,36.365653,-78.34409
15,D1017,638.5714285714286,D1017,D1017FP,Calvary Temple Holy Church,,215 Kitchen Ave,Henderson,NC,27536,VANCE,215 Kitchen Ave Henderson NC 27536,36.3432273,-78.3908577
16,D1018,4145.729166666667,D1018,D1018FP,Catholic Charities,Durham Community Food Pantry,2020 Chapel Hill Rd Ste 30,Durham,D1075,27707,DURHAM,2020 Chapel Hill Rd Ste 30 Durham D1075 27707,35.9631,-78.9315
17,D1019,8493.02125,D1019,D1019FP,Cedar Grove Mt. Zion AME,Church,5124 Hwy 86 N,Hillsborough,NC,27278,ORANGE,5124 Hwy 86 N Hillsborough NC 27278,36.168526,-79.131059
18,D1020,60913.59855263158,D1020,D1020FP,Chatham Out-Reach Alliance,(CORA),40 Camp Dr,Pittsboro,NC,27312,CHATHAM,40 Camp Dr Pittsboro NC 27312,35.7240783,-79.1863239
19,D1021,6247.035416666667,D1021,D1021FP,Christian Assembly Emergency,Food Pantry,5516 N Roxboro Rd,Durham,NC,27713,DURHAM,5516 N Roxboro Rd Durham NC 27713,35.927259,-78.951652
20,D1022,7116.788333333333,D1022,D1022FP,Christian Faith Center,of Creedmoor,101 Peachtree St,Creedmoor,NC,27522,GRANVILLE,101 Peachtree St Creedmoor NC 27522,36.117852,-78.677201
21,D1023,19892.946666666667,D1023,D1023TF,Christian Help Center,,122 Depot St,Roxboro,NC,27573,PERSON,122 Depot St Roxboro NC 27573,36.3939645,-78.9825006
22,D1024,2509.237,D1024,D1024FP,Church of God of Prophecy,,900 Simmons St,Durham,NC,27701,DURHAM,900 Simmons St Durham NC 27701,35.981737,-78.8939642
23,D1025,5188.8,D1025,D1025FP,Church of Philadelphia,,1309 Jackson St,Durham,NC,27701,DURHAM,1309 Jackson St Durham NC 27701,35.9954352,-78.9202996
24,D1026,2502.625,D1026,D1026FP,CIP,Communities In Partnership,103 South Drivers St. ,Durham,NC,27703,DURHAM,103 South Drivers St.  Durham NC 27703,35.957366,-78.821694
25,D1027,5804.406666666667,D1027,D1027FP,Cokesbury United,,2440 S Cokesbury Rd,Henderson,NC,27537,VANCE,2440 S Cokesbury Rd Henderson NC 27537,36.3490785,-78.3050634
26,D1029,7064.494166666666,D1029,D1029FP,Cotton Memorial,Presbyterian Church,511 N Chestnut St,Henderson,NC,27536,VANCE,511 N Chestnut St Henderson NC 27536,36.3321526,-78.3997148
27,D1030,10527.5,D1030,D1030DD,DD-Carr United Methodist,Church,8200 NC 49 North,Cedar Grove,NC,27231,ORANGE,8200 NC 49 North Cedar Grove NC 27231,36.2140321,-79.2191119
28,D1032,5482.944444444444,D1032,D1032DD,DD-Oldham Towers Senior Bldg.,,519 E Main St,Durham,NC,27701,DURHAM,519 E Main St Durham NC 27701,35.9921104,-78.8946523
29,D1033,3315.325,D1033,D1033FP,Divine Grace Fellowship,Outreach Ministry,1500-A E Club Blvd Bldg 100,Durham,NC,27703,DURHAM,1500-A E Club Blvd Bldg 100 Durham NC 27703,36.0257375,-78.8545431
30,D1035,3861.369565217391,D1035,D1035SOF,Durham Center For Senior Life,,406 Riggsbee Ave,Durham,NC,27701,DURHAM,406 Riggsbee Ave Durham NC 27701,35.999206,-78.899862
31,D1036,72.16666666666667,D1036,D1036DV,Durham Crisis Response Center,,Confidential,,NC,,DURHAM,Confidential nan NC nan,36.131803,-79.412521
32,D1037,162.25,D1037,D1037OTH,Durham Exchange Club,Industries,1717 Lawson St,Durham,NC,27703,DURHAM,1717 Lawson St Durham NC 27703,35.974353,-78.883365
33,D1038,22270.472222222223,D1038,D1038SH1,Durham Rescue Mission Ministries,,1201 E Main St,Durham,NC,27703-1858,DURHAM,1201 E Main St Durham NC 27703-1858,35.986812,-78.886742
35,D1039,2640.8260869565215,D1039,D1039CSFP,CSFP - Seymour Center,,2551 Homestead Rd,Chapel Hill,NC,27516,ORANGE,2551 Homestead Rd Chapel Hill NC 27516,35.9507598,-79.0632734
36,D1040,1102.8181818181818,D1040,D1040OTH,Durham Tech Community College,Harvest Food Pantry,1637 Lawson St,Durham,NC,27703,DURHAM,1637 Lawson St Durham NC 27703,35.974398,-78.884033
37,D1041,1670.7083333333333,D1041,D1041FP,Emanuel Tabernacle Holiness,Church,2525 Atlantic St,Durham,NC,27707,DURHAM,2525 Atlantic St Durham NC 27707,35.9693196,-78.903474
38,D1042,728.3888888888889,D1042,D1042FP,Evergreen UMC -,,11098 US 15-501 N,Chapel Hill,NC,27517,CHATHAM,11098 US 15-501 N Chapel Hill NC 27517,35.86728,-79.074236
39,D1043,7495.875,D1043,D1043FP,Faith Gospel Tabernacle,United Holy Church,663 Troy St,Durham,NC,27703,DURHAM,663 Troy St Durham NC 27703,35.9766267,-78.8829114
40,D1044,380.5,D1044,D1044DD,DD-Father Son Holiness Church,,103 Atlantic St,Durham,NC,27707,DURHAM,103 Atlantic St Durham NC 27707,35.9607223,-78.9120692
41,D1045,24692.351322463768,D1045,D1045FP,Feed My Sheep of Durham Food,Pantry,107 N Driver St,Durham,NC,27701,DURHAM,107 N Driver St Durham NC 27701,35.9859983,-78.8780851
43,D1047,47091.79083333333,D1047,D1047FP,First Baptist Church,Creedmoor,119 S Main St,Creedmoor,NC,27522,GRANVILLE,119 S Main St Creedmoor NC 27522,36.117632,-78.6867117
44,D1048,11245.857142857143,D1048,D1048DD,First Baptist Church Of,,210 Southpark Dr,Henderson,NC,27536,VANCE,210 Southpark Dr Henderson NC 27536,36.3368993,-78.4251225
45,D1049,1116.0,D1049,D1049FP,First Calvary Baptist Church,,1311 Morehead Ave,Durham,NC,27707,DURHAM,1311 Morehead Ave Durham NC 27707,35.9916228,-78.9193637
46,D1050,15600.084166666667,D1050,D1050FP,Fisher Memorial,United Holy Church,420 E Piedmont Ave,Durham,NC,27707,DURHAM,420 E Piedmont Ave Durham NC 27707,35.9840851,-78.9000339
48,D1051,729.0,D1051,D1051OTH,Fitts-Powell Apts,,,Durham,NC,27702,DURHAM,nan Durham NC 27702,35.996653,-78.9018053
49,D1053,178.0,D1053,D1053FP,For The Greater Good 5,,2018 Riddle Rd,Durham,NC,27703,DURHAM,2018 Riddle Rd Durham NC 27703,35.9559647,-78.8857398
50,D1054,5358.0,D1054,D1054GH1,Freedom House,,104 New Stateside Dr,Chapel Hill,NC,27516,ORANGE,104 New Stateside Dr Chapel Hill NC 27516,35.9562308,-79.0597715
51,D1055,604.1428571428571,D1055,D1055SP,SP - W.G. Pearson Magnet,,3501 Fayetteville St,Durham,NC,27707,DURHAM,3501 Fayetteville St Durham NC 27707,35.9855791,-78.8976857
52,D1056,23328.643131313132,D1056,D1056FP1,Friends of Orange County DSS,,300 W Tryon St,Hillsborough,NC,27278,ORANGE,300 W Tryon St Hillsborough NC 27278,36.0772638,-79.1054713
53,D1057,1202.5882352941176,D1057,D1057DD,DD-FTHOP,,700 S Mangum St,Durham,NC,27701,DURHAM,700 S Mangum St Durham NC 27701,35.9886586,-78.9037879
54,D1059,29607.084106280192,D1059,D1059FP,Gang Free INC,,940 County Home Rd,Henderson,NC,27536,VANCE,940 County Home Rd Henderson NC 27536,36.3199675,-78.3956605
55,D1060,2700.25,D1060,D1060FP,DD-Grace and Peace Tabernacle,,600 E Washington St,Mebane,NC,27302,ORANGE,600 E Washington St Mebane NC 27302,36.093288,-79.2595423
56,D1062,18154.4725,D1062,D1062FP,Grace Outreach Enrichment,Ministry,612 Gary St,Durham,NC,27703,DURHAM,612 Gary St Durham NC 27703,35.9909619,-78.8701246
58,D1063,438.3333333333333,D1063,D1063FP,Greater Deliverance Tabernacle,,199 Flat River Rd,Roxboro,NC,27574,PERSON,199 Flat River Rd Roxboro NC 27574,36.342345,-78.985731
59,D1064,11550.770833333334,D1064,D1064FP,Hannah's Community Kitchen,,5524 N Roxboro Rd,Durham,NC,27712,DURHAM,5524 N Roxboro Rd Durham NC 27712,36.09178,-78.910602
60,D1065,2879.345652173913,D1065,D1065FP,Greater Ransom Way of the,Cross Temple,90 South Lake Lodge Ext,Henderson,NC,27537,VANCE,90 South Lake Lodge Ext Henderson NC 27537,36.271241,-78.430762
61,D1066,714.7727272727273,D1066,D1066FP,Greater Refuge Temple,,1438 Maplewood Dr,Durham,NC,27704,DURHAM,1438 Maplewood Dr Durham NC 27704,36.0323597,-78.8658755
62,D1067,1032.6666666666667,D1067,D1067GH3,Group Homes Inc,,264 S Beckford Dr,Henderson,NC,27536,VANCE,264 S Beckford Dr Henderson NC 27536,36.337383,-78.416424
63,D1068,3779.6666666666665,D1068,D1068WPP,WPP - Burton Geo-World Magnet,,1500 Mathison St,Durham,NC,27701,DURHAM,1500 Mathison St Durham NC 27701,35.9782292,-78.8876955
64,D1069,150.0,D1069,D1069WPP,WPP - Eastway Elemen School,,610 N Alston Ave,Durham,NC,27701,DURHAM,610 N Alston Ave Durham NC 27701,35.9911661,-78.8849227
65,D1070,6903.0,D1070,D1070WPP,WPP - Walnut Grove United,,7215 Walnut Grove Church Rd,Hurdle Mills,NC,27541,DURHAM,7215 Walnut Grove Church Rd Hurdle Mills NC 27541,36.2005779,-79.0884827
66,D1071,6317.518181818182,D1071,D1071FP,Haw River Baptist Church,,1099 Mt Gilead Church Rd,Pittsboro,NC,27312,CHATHAM,1099 Mt Gilead Church Rd Pittsboro NC 27312,35.7523953,-79.0866352
67,D1072,16170.436488095238,D1072,D1072FP,Healing With CAARE,,214 Broadway St,Durham,NC,27701,DURHAM,214 Broadway St Durham NC 27701,36.001165,-78.8987418
68,D1073,15049.052916666667,D1073,D1073FP,Hillsborough Church Of God,,2412 Hwy 86 S,Hillsborough,NC,27278,ORANGE,2412 Hwy 86 S Hillsborough NC 27278,36.048648,-79.079527
69,D1074,2341.0,D1074,D1074FP,Hope Church International,,1203 Holloway St,Durham,NC,27701,DURHAM,1203 Holloway St Durham NC 27701,35.9946451,-78.8797192
70,D1075,20904.0,D1075,D1075FP,Iglesia Presbiteriana Emanuel,First Presbyterian Church,2504 N Roxboro St,Durham,NC,27703,DURHAM,2504 N Roxboro St Durham NC 27703,36.0217092,-78.8897933
71,D1076,10934.531739130436,D1076,D1076FP,Immanuel Temple SDA Community,Services,2102 S Alston Ave,Durham,NC,27707,DURHAM,2102 S Alston Ave Durham NC 27707,35.9607694,-78.8885445
72,D1077,8363.463333333333,D1077,D1077FP,Inter-Faith Council,Food Pantry in Chapel Hill,100 W Rosemary St,Chapel Hill,NC,27514,ORANGE,100 W Rosemary St Chapel Hill NC 27514,35.914075,-79.056505
73,D1078,584.2272727272727,D1078,D1078CSFP,CSFP - Hannah's Comm. Kitchen,,PO Box 71046,Durham,NC,27722,DURHAM,PO Box 71046 Durham NC 27722,35.996653,-78.9018053
74,D1079,691.5555555555555,D1079,D1079FB,Jamaat Ibad Ar Rahman,,3034 Fayetteville St,Durham,NC,27707,DURHAM,3034 Fayetteville St Durham NC 27707,35.9855791,-78.8976857
75,D1080,733.7142857142857,D1080,D1080FP,Jesus Word Church,,1321 Humphrey St,Durham,NC,27701,DURHAM,1321 Humphrey St Durham NC 27701,35.9821043,-78.8878298
76,D1081,249.75,D1081,D1081FP,Jewish Family Services,,1937 Cornwallis Rd,Durham,NC,27705,DURHAM,1937 Cornwallis Rd Durham NC 27705,35.9348318,-78.8899389
77,D1082,7257.397727272728,D1082,D1082CSFP,CSFP - JFK Towers,,4900 Roxboro Rd,Durham,NC,27704,DURHAM,4900 Roxboro Rd Durham NC 27704,36.0957531,-78.9098302
78,D1083,963.309523809524,D1083,D1083FP,Jonathans Outreach Network,,302 S DriverSt,Durham,NC,27703,DURHAM,302 S DriverSt Durham NC 27703,35.957366,-78.821694
79,D1084,2684.7916666666665,D1084,D1084GH1,Just A Clean House,,310 Raynor St,Durham,NC,27704,DURHAM,310 Raynor St Durham NC 27704,35.9876239,-78.873418
83,D1086,5993.75,D1086,D1086FP,Kings Park Church,Celebracion,1305 Odyssey Dr,Durham,NC,27713,DURHAM,1305 Odyssey Dr Durham NC 27713,35.930456,-78.8921857
84,D1087,2899.6190476190477,D1087,D1087FP,Kitrell Shiloh Missionary,Baptist Church,1390 S Chavis Rd,Kitrell,NC,27544,VANCE,1390 S Chavis Rd Kitrell NC 27544,36.224143,-78.413249
85,D1088,1541.9130434782608,D1088,D1088FP,Life International,Holton Resource Center,5310 S Alston Ave. Bulding 100,Durham,NC,27713,DURHAM,5310 S Alston Ave. Bulding 100 Durham NC 27713,35.886743,-78.885239
86,D1089,11588.666666666666,D1089,D1089FP,Living Stones,,6096 Tabbs Creek Rd,Oxford,NC,27565,GRANVILLE,6096 Tabbs Creek Rd Oxford NC 27565,36.346379,-78.542173
87,D1090,9340.108695652174,D1090,D1090FP,Living Waters Christian,,1104 Lynn Rd,Durham,NC,27703,DURHAM,1104 Lynn Rd Durham NC 27703,35.9711044,-78.8479725
88,D1092,709.8125,D1092,D1092OTH,Luthern Services Carolina,,708 Raynor St Unit A-1,Durham,NC,27703,DURHAM,708 Raynor St Unit A-1 Durham NC 27703,35.9918895,-78.8706645
89,D1094,1280.4,D1094,D1094SUP,Meals on Wheels of Durham  Inc,,2522 Ross Rd,Durham,NC,27703,DURHAM,2522 Ross Rd Durham NC 27703,35.9919937,-78.8546444
90,D1095,9999.104166666666,D1095,D1095DD,Mebane's Chapel United Holy,Church,421 Union St,Hillsborough,NC,27278,ORANGE,421 Union St Hillsborough NC 27278,36.08011,-79.109243
91,D1096,1207.0833333333333,D1096,D1096GH,Michael's Place,Group Home,2815 Cascadilla St,Durham,NC,27704,DURHAM,2815 Cascadilla St Durham NC 27704,36.0266773,-78.8862998
92,D1097,21341.082916666663,D1097,D1097DD,DD-Ministerios Guerreros De,JesúCristo International,1800 N Roxboro St,Durham,NC,27701,DURHAM,1800 N Roxboro St Durham NC 27701,36.013486,-78.890699
93,D1098,35359.38798309179,D1098,D1098CSFP,CSFP - Mr Fred's Food Pantry,,4004 Ben Frank Blvd,Durham,NC,27704,DURHAM,4004 Ben Frank Blvd Durham NC 27704,36.043756,-78.897909
94,D1099,3261.9583333333335,D1099,D1099FP,Mt. Bethel United Methodist,Church,1605 Bahama Rd,Durham,NC,27503,DURHAM,1605 Bahama Rd Durham NC 27503,36.1670143,-78.8764149
95,D1100,5382.711666666667,D1100,D1100FP,Mt. Level Community Haven,Two Fishes Five Loaves Pantry,316 Hebron Rd,Durham,NC,27704,DURHAM,316 Hebron Rd Durham NC 27704,36.058682,-78.8951257
96,D1101,1484.4545454545455,D1101,D1101BP,Mt. Sylvan United Methodist,Church,5731 N Roxboro Rd,Durham,NC,27712,DURHAM,5731 N Roxboro Rd Durham NC 27712,36.093751,-78.910362
97,D1102,12005.0,D1102,D1102FP,Mt. Zion Christian Church,,3519 Fayetteville St,Durham,NC,27707,DURHAM,3519 Fayetteville St Durham NC 27707,35.9855791,-78.8976857
98,D1103,5902.25875,D1103,D1103FP,Mt. Zion Christian Church,Henderson,995 Burr St,Henderson,NC,27536,VANCE,995 Burr St Henderson NC 27536,36.3359682,-78.3919867
99,D1104,2223.875,D1104,D1104FP,New Visions of Africa,,5601 Whippoorwill St,Durham,NC,27704,DURHAM,5601 Whippoorwill St Durham NC 27704,36.0719215,-78.896009
100,D1105,12181.669565217391,D1105,D1105DD,Oak Grove Community,Food Pantry Direct Dist,854 Oak Grove Mt Zion Rd,Roxboro,NC,27574,PERSON,854 Oak Grove Mt Zion Rd Roxboro NC 27574,36.463615,-79.020708
101,D1106,1302.0,D1106,D1106FP,Oak Grove UAFree Will Baptist,Outreach Ministry,1008A Simmons St,Durham,NC,27701,DURHAM,1008A Simmons St Durham NC 27701,35.9823145,-78.8984215
102,D1107,6377.3125,D1107,D1107FP,Obedience To The Word,,644 Bon Air Ave,Durham,NC,27704,DURHAM,644 Bon Air Ave Durham NC 27704,36.0303226,-78.8824789
103,D1108,5611.555555555556,D1108,D1108CSFP,CSFP - On Fire for God,,401 E Lakewood Ave Ste 106,Durham,NC,27707,DURHAM,401 E Lakewood Ave Ste 106 Durham NC 27707,35.9879318,-78.9004392
104,D1109,764.9705882352941,D1109,D1109DC,Orange Co Head Start/Early HS,,125 Lawndale Ave,Hillisborough,NC,27278,ORANGE,125 Lawndale Ave Hillisborough NC 27278,36.08862,-79.105494
105,D1110,8333.19875,D1110,D1110FP,Orange Congregations Mission,,300 Millstone Dr,Hillsborough,NC,27278,ORANGE,300 Millstone Dr Hillsborough NC 27278,36.0508098,-79.0975328
106,D1111,1053.0882352941176,D1111,D1111DIS,Orange County Disability,Awareness Council,503 W Franklin St #113,Chapel Hill,NC,27516,ORANGE,503 W Franklin St #113 Chapel Hill NC 27516,35.9099143,-79.0634424
107,D1112,1827.125,D1112,D1112FP,Orange United Methodist Church,,1220 Martin Luther King Jr,Chapel Hill,NC,27514,ORANGE,1220 Martin Luther King Jr Chapel Hill NC 27514,35.9487856,-79.0578114
108,D1113,2248.75,D1113,D1113OTH,Our Teams Our Children,,2711 Fayetteville St,Durham,NC,27707,DURHAM,2711 Fayetteville St Durham NC 27707,35.977922,-78.90043
109,D1114,7303.285714285715,D1114,D1114DD,Oxford Speaks Life Church House of,Ministries,305 Williamsboro St,Oxford,NC,27565,GRANVILLE,305 Williamsboro St Oxford NC 27565,36.3131462,-78.5856944
110,D1115,31906.78875,D1115,D1115DD,DD-Parkwood Elementary PTA,,5207 Revere Rd,Durham,NC,27713-7030,DURHAM,5207 Revere Rd Durham NC 27713-7030,35.8914633,-78.9062514
111,D1116,8507.47619047619,D1116,D1116FP,Pettiford Grove Baptist Church,,3579 Cannady Mill Rd,Kittrell,NC,27544,GRANVILLE,3579 Cannady Mill Rd Kittrell NC 27544,36.204636,-78.556778
112,D1117,14504.727083333331,D1117,D1117FP,Pine Grove Baptist Church,,1624 Lake Rd/Hwy 56,Creedmoor,NC,27522,GRANVILLE,1624 Lake Rd/Hwy 56 Creedmoor NC 27522,36.142722,-78.720254
114,D1118,2745.25,D1118,D1118FP,Positive Directions,,Jacksontown Rd,Manson,NC,27553,VANCE,Jacksontown Rd Manson NC 27553,36.421812,-78.283051
115,D1119,693.7142857142857,D1119,D1119OTH,Rainbow 66 Storehouse Inc,,706 Rigsbee Ave,Durham,NC,27701,DURHAM,706 Rigsbee Ave Durham NC 27701,36.0025371,-78.8995176
116,D1120,4900.167647058824,D1120,D1120AS,RAM Organization,,2703 Holloway St,Durham,NC,27703,DURHAM,2703 Holloway St Durham NC 27703,35.9890675,-78.8518946
117,D1121,159.625,D1121,D1121OTH,Reality Ministries,,916 Lamond Dr,Durham,NC,27701,DURHAM,916 Lamond Dr Durham NC 27701,36.002277,-78.909207
118,D1122,1258.7058823529412,D1122,D1122GH,Recovery Connections of Durham,,2913 Wadsworth Ave.,Durham,NC,27707,DURHAM,2913 Wadsworth Ave. Durham NC 27707,35.9600833,-78.9223097
120,D1123,10468.5,D1123,D1123FP,Rogers-Eubanks Neighborhood,Association (RENA),101 Edgar St,Chapel Hill,NC,27516,ORANGE,101 Edgar St Chapel Hill NC 27516,35.9599115,-79.081604
121,D1124,1963.1739130434785,D1124,D1124FP,Rougemont Food Pantry,Rougemont UMC,105 Red Mountain Rd,Rougemont,NC,27572,DURHAM,105 Red Mountain Rd Rougemont NC 27572,36.2184272,-78.9260442
122,D1125,2231.6363636363635,D1125,D1125FP,Roxboro Church of God,,1415 N Main St,Roxboro,NC,27573,PERSON,1415 N Main St Roxboro NC 27573,36.4207776,-78.9688674
123,D1126,9137.369583333331,D1126,D1126FP,Russell Memorial CME Church,,703 S Alston Ave,Durham,NC,27701,DURHAM,703 S Alston Ave Durham NC 27701,35.9798433,-78.8909168
124,D1127,8733.791666666666,D1127,D1127FP,Salvation Army-Durham,,909 Liberty St,Durham,NC,27701,DURHAM,909 Liberty St Durham NC 27701,35.9931292,-78.8854264
125,D1128,249.8181818181818,D1128,D1128CSFP,CSFP - St Mark's AME Zion,,531 S Roxboro St,Durham,NC,27701,DURHAM,531 S Roxboro St Durham NC 27701,35.9882547,-78.9015529
126,D1129,8046.617916666666,D1129,D1129FP,Salvation Army-Henderson,,2292 Ross Mill Rd,Henderson,NC,27536,VANCE,2292 Ross Mill Rd Henderson NC 27536,36.3422345,-78.4302191
127,D1130,4724.2411764705885,D1130,D1130FP,Seed Time & Harvest Fellowship,,804 Berwyn Ave,Durham,NC,27704,DURHAM,804 Berwyn Ave Durham NC 27704,36.0330439,-78.8804301
128,D1131,10490.361666666666,D1131,D1131FP,Shiloh Baptist Church,,635 College St,Henderson,NC,27536,VANCE,635 College St Henderson NC 27536,36.3221,-78.4032
129,D1132,7879.888749999999,D1132,D1132FP,Southside Church of Christ,COST Comm Outrch Specl Team,800 Elmira Ave,Durham,NC,27707,DURHAM,800 Elmira Ave Durham NC 27707,35.9627294,-78.901156
130,D1133,2552.7083333333335,D1133,D1133FP,St. John United Holy Church,,607 Pine Acres Rd,Chapel Hill,NC,27516,ORANGE,607 Pine Acres Rd Chapel Hill NC 27516,35.9155134,-79.1151024
131,D1134,3270.625,D1134,D1134FP,St. John's House of Refuge,,1307 W Knox St,Durham,NC,27701,DURHAM,1307 W Knox St Durham NC 27701,36.0132577,-78.9140758
132,D1135,973.6666666666666,D1135,D1135FP,St. Joseph AME Church,,2521 Fayetteville St,Durham,NC,27707,DURHAM,2521 Fayetteville St Durham NC 27707,35.977922,-78.90043
133,D1136,23765.545454545456,D1136,D1136DR,St James Missionary Baptist,,3005 Old Oxford Rd Hwy 158,Henderson,NC,27536,VANCE,3005 Old Oxford Rd Hwy 158 Henderson NC 27536,36.309184,-78.436598
134,D1137,5145.607177033493,D1137,D1137FP,St. James of Durham,Baptist Church,314 N Hyde Park Ave,Durham,NC,27703,DURHAM,314 N Hyde Park Ave Durham NC 27703,35.9886697,-78.8815057
135,D1138,27366.454545454544,D1138,D1138DD,DD-St. Julia Catholic Church,,210 Harold Hart Rd,Siler City,NC,27344,CHATHAM,210 Harold Hart Rd Siler City NC 27344,35.7349006,-79.3769156
136,D1139,491.8571428571428,D1139,D1139OTH,Help and Hope Univeral,,3500 Westgate Dr Ste 604,Durham,NC,27707,DURHAM,3500 Westgate Dr Ste 604 Durham NC 27707,35.9648067,-78.9610043
137,D1140,2534.2083333333335,D1140,D1140OTH,Sunrise Recovery Resource,Center/Alcohol Drug Council,1201 N Roxboro St,Durham,NC,27701,DURHAM,1201 N Roxboro St Durham NC 27701,36.0036294,-78.8931933
138,D1141,4421.3,D1141,D1141BP,TABLE NC,,209 E Main St,Carrboro,NC,27510,ORANGE,209 E Main St Carrboro NC 27510,35.9108042,-79.0692454
139,D1142,20624.13625,D1142,D1142FP,The Help Center Inc,,615 Lewis Court,Oxford,NC,27565,GRANVILLE,615 Lewis Court Oxford NC 27565,36.296882,-78.600428
141,D1143,6447.65,D1143,D1143FP,The Lord House Prophetic,,2216 Page Rd Ste 103,Durham,NC,27703,DURHAM,2216 Page Rd Ste 103 Durham NC 27703,35.9279883,-78.8143696
142,D1144,574.6666666666666,D1144,D1144GH,Triangle Empowerment Center Inc,,1220 S Roxboro St,Durham,NC,27707,DURHAM,1220 S Roxboro St Durham NC 27707,35.9817204,-78.9043877
143,D1146,61103.395833333336,D1146,D1146GH,TROSA,,1820 James St,Durham,NC,27707,DURHAM,1820 James St Durham NC 27707,35.9790948,-78.9267301
144,D1147,7008.583333333333,D1147,D1147CSF,CSFP - Union Baptist,,904 N Roxboro St,Durham,NC,27701,DURHAM,904 N Roxboro St Durham NC 27701,35.9997195,-78.8939355
145,D1148,1067.3333333333333,D1148,D1148FP,United Nations Worship Center,,2100 Chapel Hill Rd,Durham,NC,27707,DURHAM,2100 Chapel Hill Rd Durham NC 27707,35.986148,-78.928654
146,D1149,20616.469696969696,D1149,D1149DD,DD-Upon This Rock Ministry,,1206 College St,Oxford,NC,27565,GRANVILLE,1206 College St Oxford NC 27565,36.3300926,-78.5924039
147,D1150,8256.967105263158,D1150,D1150FP,Urban Ministries Food Pantry,,410 Liberty St,Durham,NC,27701,DURHAM,410 Liberty St Durham NC 27701,35.9934593,-78.8958716
148,D1151,198.25,D1151,D1151KSM,SFSP - Walltown Children's,,1225 Berkeley St,Durham,NC,27705,DURHAM,1225 Berkeley St Durham NC 27705,36.018565,-78.9157616
149,D1153,448.0,D1153,D1153FP,Victorious Life Empowerment,,3329 Chapel Hill Blvd Ste 100,Durham,NC,27707,DURHAM,3329 Chapel Hill Blvd Ste 100 Durham NC 27707,35.9709602,-78.945797
150,D1154,1237.2916666666667,D1154,D1154GH,Volunteers of America,,207 Commons Blvd,Durham,NC,27704,DURHAM,207 Commons Blvd Durham NC 27704,36.0409217,-78.89399
151,D1155,487.77777777777777,D1155,D1155OTH,Warren-Vance Community Health,Center Inc,511 Ruin Creek Rd,Henderson,NC,27536,VANCE,511 Ruin Creek Rd Henderson NC 27536,36.3321753,-78.4470522
152,D1156,2997.318181818182,D1156,D1156FP,West Chatham Food Pantry,,2535 Old US Hwy 421 N,Siler City,NC,27344,CHATHAM,2535 Old US Hwy 421 N Siler City NC 27344,35.751215,-79.47953
153,D1157,16790.16363636364,D1157,D1157DD,White Rock Baptist Church,,3400 Fayetteville St,Durham,NC,27707,DURHAM,3400 Fayetteville St Durham NC 27707,35.977922,-78.90043
154,D1158,644.2,D1158,D1158AS,William Hawkins Yth Ministries,Project LIFT,500 N Beckford Dr,Henderson,NC,27536,VANCE,500 N Beckford Dr Henderson NC 27536,36.3382097,-78.4017891
155,D1159,11718.25238095238,D1159,D1159FP,Word Harvest International,Word Empowerment Church,2403 Lednum St,Durham,NC,27704,DURHAM,2403 Lednum St Durham NC 27704,36.0274859,-78.9097851
156,D1160,113029.57930555556,D1160,D1160DR,Word of Life Christian Center,,704 Franklin St,Roxboro,NC,27573,PERSON,704 Franklin St Roxboro NC 27573,36.3818286,-78.9921985
157,D1161,39129.8,D1161,D1161DD,DD-Young Memorial,,505 Brookston Rd,Henderson,NC,27537,VANCE,505 Brookston Rd Henderson NC 27537,36.355621,-78.346802
159,D1162,10117.837916666664,D1162,D1162FP,Zion Christian Center,,2850 Virgilina Rd,Roxboro,NC,27574,PERSON,2850 Virgilina Rd Roxboro NC 27574,36.4254657,-78.9269419
160,D1163,1405.2307692307693,D1163,D1163BP,BP - Epworth United Methodist,,3002 Hope Valley Rd,Durham,NC,27707,DURHAM,3002 Hope Valley Rd Durham NC 27707,35.9695131,-78.9331728
161,D1164,9600.5,D1164,D1164DD,DD-Bright Sun,,113A Bright Sun Pl,Chapel HIll,NC,27516,ORANGE,113A Bright Sun Pl Chapel HIll NC 27516,35.9544155,-79.0590435
162,D1165,8803.5,D1165,D1165DD,DD-Calvary UMC,Cristo Vive,304 E Trinity St,Durham,NC,27701,DURHAM,304 E Trinity St Durham NC 27701,36.005462,-78.891115
163,D1166,7009.444444444444,D1166,D1166OTH,DD-Destiny Church of God,,345 Horton Rd,Goldston,NC,27252,CHATHAM,345 Horton Rd Goldston NC 27252,35.5982534,-79.2963472
164,D1167,10866.681818181818,D1167,D1167DD,DD-Durham Spanish SDA Church,,1606 Liberty St,Durham,NC,27703,DURHAM,1606 Liberty St Durham NC 27703,35.9912295,-78.8743482
165,D1168,6307.4,D1168,D1168DD,DD-Gaines Chapel AME Church,,4024 US Hwy 70,Efland,NC,27243,ORANGE,4024 US Hwy 70 Efland NC 27243,36.0808445,-79.1820839
166,D1169,8876.59090909091,D1169,D1169DD,DD-Glenn's Grove,,7001 Guess Rd,Rougemont,NC,27572,ORANGE,7001 Guess Rd Rougemont NC 27572,36.18717,-79.013371
167,D1170,9793.0,D1170,D1170DD,DD-Gomains Avenue,,604-B Gomains Ave,Chapel Hill,NC,27516,ORANGE,604-B Gomains Ave Chapel Hill NC 27516,35.91555,-79.065894
168,D1171,8209.795454545454,D1171,D1171DD,DD-Grow To Life,,300 Northern Park Dr,Chapel Hill,NC,27516,ORANGE,300 Northern Park Dr Chapel Hill NC 27516,35.901511,-79.066277
169,D1172,7141.285714285715,D1172,D1172FP,DD-Henderson Towers Resident,,807 S Duke Street #010,Durham,NC,27701,DURHAM,807 S Duke Street #010 Durham NC 27701,35.990988,-78.9083567
170,D1173,8587.5,D1173,D1173MFP,DD-Hunter's Chapel,,214 Buckhorn Rd,Mebane,NC,27302,ORANGE,214 Buckhorn Rd Mebane NC 27302,36.0786958,-79.2244856
171,D1174,7032.0,D1174,D1174DD,DD-Hurdle Mills,,9201 Walnut Grove Church Rd,Hurdle Mills,NC,27541,ORANGE,9201 Walnut Grove Church Rd Hurdle Mills NC 27541,36.2312656,-79.0748883
172,D1175,8815.95652173913,D1175,D1175DD,DD-Piney Grove Baptist Church,,1929 Piney Grove Rd,Hillsborough,NC,27278,ORANGE,1929 Piney Grove Rd Hillsborough NC 27278,36.052941,-79.053352
173,D1176,8536.166666666666,D1176,D1176DD,DD-Preiss-Steele Apartments,,500 Pickwick Trl,Durham,NC,27704,DURHAM,500 Pickwick Trl Durham NC 27704,36.0419096,-78.8889216
174,D1177,11971.666666666666,D1177,D1177DD,DD-South Estes,,391 S Estes Dr,Chapel Hill,NC,27517,ORANGE,391 S Estes Dr Chapel Hill NC 27517,35.9245208,-79.0216574
175,D1178,4044.3333333333335,D1178,D1178DD,Direct Dist. -- Chatham County,,708 Gilbert St,Durham,NC,27701,CHATHAM,708 Gilbert St Durham NC 27701,35.9952715,-78.8898382
176,D1179,420.0,D1179,D1179DD,Direct Dist. --Person County,,708 Gilbert St,Durham,NC,27701,PERSON,708 Gilbert St Durham NC 27701,35.9952715,-78.8898382
177,D1180,6135.0,D1180,D1180DD,Direct Dist. --Vance County,,708 Gilbert St,Durham,NC,27701,VANCE,708 Gilbert St Durham NC 27701,35.9952715,-78.8898382
178,D1181,14258.666666666666,D1181,D1181DD,Direct Distr. -- Durham,,3808 Tarheel Dr,Raleigh,NC,27609,DURHAM,3808 Tarheel Dr Raleigh NC 27609,35.8314857,-78.60725
179,D1183,11904.130952380952,D1183,D1183DD,DD-Hillsborough SDA,,1808 NC Hwy 86 N,Hillsborough,NC,27278,ORANGE,1808 NC Hwy 86 N Hillsborough NC 27278,36.114315,-79.112439
180,D1185,3316.3333333333335,D1185,D1185BP,BP-Bethesda Baptist Church,,1914 S Miami Blvd,Durham,NC,27703,DURHAM,1914 S Miami Blvd Durham NC 27703,35.9432887,-78.8390257
181,D1188,9111.21052631579,D1188,D1188DD,JEWELS Outreach and Networking,,1315 Horton Rd,Durham,NC,27707,DURHAM,1315 Horton Rd Durham NC 27707,36.0574624,-78.922498
182,D1189,1662.642857142857,D1189,D1189FP,Nehemiah Christian Center,,514 N. Mangum St,Durham,NC,27701,DURHAM,514 N. Mangum St Durham NC 27701,35.9984401,-78.897633
183,D1194,75.0,D1194,D1194KSM,Beacon Lights Academy,,"51 Ridgeway Ave, Apartment B",Durham,NC,27701,DURHAM,"51 Ridgeway Ave, Apartment B Durham NC 27701",35.9721953,-78.8880324
184,D1196,1785.1458333333333,D1196,D1196OTH,CSFP - Carolina Spring (Orange,,600 W Poplar Ave,Carrboro,NC,27510,ORANGE,600 W Poplar Ave Carrboro NC 27510,35.9133611,-79.0936805
185,D1199,1949.6666666666667,D1199,D1199OTH,CSFP - Emerson Woods,,2617-A Durham Chapel-Hill Blvd,Durham,NC,27707,DURHAM,2617-A Durham Chapel-Hill Blvd Durham NC 27707,35.97409,-78.9281527
186,D1201,509.5625,D1201,D1201KC,KC - Chapel Hill Parks & Rec,,216 N Roberson St,Chapel Hill,NC,27514,ORANGE,216 N Roberson St Chapel Hill NC 27514,35.9128846,-79.0638342
187,D1203,2066.086956521739,D1203,D1203OTH,CSFP - Lakeview Baptist,,7411 Dearborn Dr,Durham,NC,27703,DURHAM,7411 Dearborn Dr Durham NC 27703,36.0372563,-78.8715826
188,D1204,6126.739130434782,D1204,D1204OTH1,CSFP - Morehead Hills,,500 Cobb St,Durham,NC,27701,DURHAM,500 Cobb St Durham NC 27701,35.9884071,-78.9081017
189,D1205,1955.8260869565215,D1205,D1205OTH,CSFP - Word Harvest,,3400 Fayetteville St,Durham,NC,27707,DURHAM,3400 Fayetteville St Durham NC 27707,35.9855791,-78.8976857
190,D1207,601.0,D1207,D1207AD,OE Enterprises,,348 Elizabeth Brady Road,Hillsborough,,27243,ORANGE,348 Elizabeth Brady Road Hillsborough nan 27243,36.073405,-79.0844663
191,D1210,636.0,D1210,D1210KSM,SFSP- Ministers Outreach,,925 Lehman Street,Henderson,NC,27536,VANCE,925 Lehman Street Henderson NC 27536,36.3173175,-78.4029313
192,D1214,26048.847619047618,D1214,D1214AS,Chapel Hill Training Outreach-,,800 Eastowne Drive Ste 105,Chapel Hill,NC,27514,ORANGE,800 Eastowne Drive Ste 105 Chapel Hill NC 27514,35.9508716,-79.0054338
193,D1220,523.9047619047619,D1220,D1220FP,Amity United Methodist Church,,825 N Estes Dr,Chapel Hill,NC,27514,ORANGE,825 N Estes Dr Chapel Hill NC 27514,35.934776,-79.0549136
194,D1221,14353.0,D1221,D1221OTH,"Peace, Love and Unity",,804 Flint Street,Henderson,North Carolina,27536,VANCE,804 Flint Street Henderson North Carolina 27536,36.3199295,-78.3977712
195,D1222,7357.761904761905,D1222,D1222DD,Jones Grove Missionary Baptist Church,,2713 Coleman Loop Rd,Hillsborough,NC,27278,ORANGE,2713 Coleman Loop Rd Hillsborough NC 27278,36.129659,-79.119725
197,D1223,3302.1428571428573,D1223,D1223FP,All My Children Family Resource Center,,3011 Academy Road,Durham,North Carolina,27707,DURHAM,3011 Academy Road Durham North Carolina 27707,35.9703577,-78.9431331
198,D1225,21006.333333333332,D1225,D1225DR,Orange County - Disaster Relief,,2700 Angier Avenue,Durham,NC,27707,ORANGE,2700 Angier Avenue Durham NC 27707,35.9774102,-78.871955
199,D1226,112.42857142857144,D1226,D1226AS,LIFE Center of Durham,,2519 South Roxboro St. Bldg. #3,Durham,NC,27707,DURHAM,2519 South Roxboro St. Bldg. #3 Durham NC 27707,35.961369,-78.885001
200,D1227,1071.5833333333333,D1227,D1227OFP,Club Blvd. School PTA,,400 W Club Blvd,Durham,NC,27704,DURHAM,400 W Club Blvd Durham NC 27704,36.0192142,-78.8966461
201,D1228,409.5,D1228,D1228,,,,,,,,nan nan nan nan,,
202,D1229,745.5,D1229,D1229SP,SP-Jordan High School,,6806 Garrett Road,Durham,NC,27707,DURHAM,6806 Garrett Road Durham NC 27707,35.924576,-78.9635742
203,D1230,736.0,D1230,D1230WPP,WPP-Oak Grove Elementary ,,3810 Wake Froest Hwy,Durham,NC,27703,DURHAM,3810 Wake Froest Hwy Durham NC 27703,35.981254,-78.82071
204,D1231,450.0,D1231,D1231WPP,WPP- Lakeview Secondary School,,3507 Dearborn Drive,Durham,NC,27704,DURHAM,3507 Dearborn Drive Durham NC 27704,36.0376341,-78.878155
205,D1232,1057.3333333333333,D1232,D1232OFP,Root Causes Fresh Produce Program,,8 Searle Center Dr,Durham,NC,27710,DURHAM,8 Searle Center Dr Durham NC 27710,36.045248,-78.94507
206,D1233,517.0,D1233,D1233OFP,UNC at Chapel Hill Pediatric CF Center,,101 Manning Dr,Chapel Hill,NC,27514,DURHAM,101 Manning Dr Chapel Hill NC 27514,35.9050278,-79.0506418
207,D1258,11550.4,D1258,D1258DD,Cedar Grove Community Center,,5800 NC Hwy 86 N,Hillsborough,NC,27278,ORANGE,5800 NC Hwy 86 N Hillsborough NC 27278,36.178351,-79.135885
208,D1259,11897.0,D1259,D1259DD,Heavenly Manna,,117 Richmond Rd,Efland,NC,27243,ORANGE,117 Richmond Rd Efland NC 27243,35.1725,-79.591831
209,G1000,454.0,G1000,G1000DC,Abundant Life Church,,921 Carolina St,Wilson,NC,27893,WILSON,921 Carolina St Wilson NC 27893,35.7208574,-77.9024439
210,G1002,16691.613749999997,G1002,G1002FP,Alpha and Omega Church,,410 E Washington St,Kinston,NC,28501,LENOIR,410 E Washington St Kinston NC 28501,35.266196,-77.566876
211,G1003,4346.5,G1003,G1003DR,American Red Cross,,700 Cromwell Dr,Greenville,NC,27834,PITT,700 Cromwell Dr Greenville NC 27834,35.57917,-77.370406
212,G1004,127.0,G1004,G1004DR,American Red Cross- Lenoir,,1500 N Queen St,Kinston,NC,28501,LENOIR,1500 N Queen St Kinston NC 28501,35.27928,-77.580842
213,G1005,1010.8571428571428,G1005,G1005FP,An-Nissa 2,,1152 Briley Rd,Greenville,NC,27834,PITT,1152 Briley Rd Greenville NC 27834,35.6729252,-77.3676868
214,G1006,8964.8225,G1006,G1006AS,Antioch United Holy Church,,2659 Railroad St,Bell Arthur,NC,27811,PITT,2659 Railroad St Bell Arthur NC 27811,35.58965,-77.514537
215,G1007,1621.7142857142858,G1007,G1007FP,Apostolic Deliverance,,422 E North St,Kinston,NC,28501,LENOIR,422 E North St Kinston NC 28501,35.2623957,-77.5766505
216,G1008,2876.75,G1008,G1008FP1,Armor of God Christian Church,,2648 Mill St,Winterville,NC,28590,PITT,2648 Mill St Winterville NC 28590,35.5285488,-77.403331
217,G1010,6233.833333333333,G1010,G1010FP,Ayden Christian Care Center,,109B N West Ave,Ayden,NC,28513,PITT,109B N West Ave Ayden NC 28513,35.4745951,-77.41615
218,G1012,292.25,G1012,G1012BP,BP - Ayden United Methodist Ch,,460 E Third St,Ayden,NC,28513,PITT,460 E Third St Ayden NC 28513,35.471289,-77.421185
219,G1013,4903.714285714285,G1013,G1013DD,Direct Distribution -- Onslow,,497 W 9th St,Raleigh,NC,27609,ONSLOW,497 W 9th St Raleigh NC 27609,35.749452,-78.690443
220,G1014,1022.6666666666666,G1014,G1014FP,"Believe In Jesus Ministry, Inc",,4310 E Hines St,Farmville,NC,27828,PITT,4310 E Hines St Farmville NC 27828,35.591719,-77.591568
221,G1015,1362.428571428571,G1015,G1015BP,BP - Bethel United Methodist Church,,3798 James St,Bethel,NC,27812,PITT,3798 James St Bethel NC 27812,35.806606,-77.374762
222,G1016,233.0,G1016,G1016KSM,SFSP - Bethlehem Missionary,,305 South Halifax Road,Rocky Mount,NC,27804,NASH,305 South Halifax Road Rocky Mount NC 27804,35.981486,-77.868481
223,G1017,1015.818181818182,G1017,G1017BP,Black Jack OFWB Church,,2972 Black Jack-Simpson Rd,Greenville,NC,27858,PITT,2972 Black Jack-Simpson Rd Greenville NC 27858,35.54658,-77.262924
224,G1018,8643.640833333333,G1018,G1018FP,Bountiful Blessings House of,Redemption Inc,1432 Fort Run Rd,Snow Hill,NC,28580,GREENE,1432 Fort Run Rd Snow Hill NC 28580,35.4790079,-77.7526826
225,G1019,1084.0,G1019,G1019CA,CKC - Boys & Girls Club of the,,PO Box 1622,Rocky Mount,NC,27802,NASH,PO Box 1622 Rocky Mount NC 27802,35.9423833,-77.7956949
226,G1020,13757.125416666668,G1020,G1020FP,Bread of Life Grifton,,609 Cannon Blvd,Grifton,NC,28530,PITT,609 Cannon Blvd Grifton NC 28530,35.372856,-77.429141
227,G1023,4345.25,G1023,G1023FP,Catholic Charities- Tar River,Regional Office,1746 Union St,Greenville,NC,27834,PITT,1746 Union St Greenville NC 27834,35.570136,-77.440218
228,G1024,2070.5833333333335,G1024,G1024FP,Christ Deliverance Tabernacle,Ministries,413 E Pender St,Wilson,NC,27893,WILSON,413 E Pender St Wilson NC 27893,35.724958,-77.903359
229,G1025,4552.833333333333,G1025,G1025FP,Christian Fellowship Homes,Food Pantry,301 S Grace St,Rocky Mount,NC,27804,NASH,301 S Grace St Rocky Mount NC 27804,35.941294,-77.802447
230,G1026,1490.1,G1026,G1026BP,BP - Christ's Church/Creekside,,745 Davenport Farm Rd,Winterville,NC,28590,PITT,745 Davenport Farm Rd Winterville NC 28590,35.544759,-77.4122439
231,G1027,66465.7901871317,G1027,G1027FP1,Churches Outreach  Network,,700 Albemarle Ave,Greenville,NC,27834,PITT,700 Albemarle Ave Greenville NC 27834,35.609953,-77.380284
235,G1028,4360.2307692307695,G1028,G1028SK,Community Soup Kitchen of,,307 N Railroad St,Wilson,NC,27894,WILSON,307 N Railroad St Wilson NC 27894,35.7601614,-78.0588638
236,G1029,18804.291666666664,G1029,G1029FP,Conetoe Family Life Center,,204 N Railroad St,Conetoe,NC,27819,EDGECOMBE,204 N Railroad St Conetoe NC 27819,35.8188198,-77.4588706
237,G1030,1269.357142857143,G1030,G1030AS,Darden Enlightenment Center,,3812 S Main St,Farmville,NC,27828,PITT,3812 S Main St Farmville NC 27828,35.5940348,-77.5885968
238,G1032,13074.153846153846,G1032,G1032DD,Direct Distr. -- Lenoir County,,497 W Ninth St,Greenville,NC,27834,LENOIR,497 W Ninth St Greenville NC 27834,35.607705,-77.378178
239,G1033,7648.75,G1033,G1033DD,Direct Distr. -- Pitt County,,1712 Union St,Greenville,NC,27834,PITT,1712 Union St Greenville NC 27834,35.571083,-77.440232
240,G1036,12955.57125,G1036,G1036FP,Emmanuel Community Unison,Baptist Church,3501 Speight Seed Farm Rd,Winterville,NC,28590,PITT,3501 Speight Seed Farm Rd Winterville NC 28590,35.526536,-77.479449
241,G1037,17559.023333333334,G1037,G1037FP,Faith Developmental Community,Center,655 Sussex St,Kinston,NC,28501,LENOIR,655 Sussex St Kinston NC 28501,35.260061,-77.6480566
242,G1038,13407.556666666664,G1038,G1038DR,First Born Community,,912 Blackjack Grimesland Rd,Grimesland,NC,27837,,912 Blackjack Grimesland Rd Grimesland NC 27837,35.553489,-77.204304
243,G1039,5123.58875,G1039,G1039BP,First Missionary,Baptist Church,201 N Caswell St,LaGrange,NC,28551,LENOIR,201 N Caswell St LaGrange NC 28551,35.300878,-77.789733
244,G1040,655.7142857142857,G1040,G1040GH,Flynn Christian Fellowship,,611 Mitchell St,Kinston,NC,28501,LENOIR,611 Mitchell St Kinston NC 28501,35.2666865,-77.5841869
245,G1041,1206.5,G1041,G1041FP1,Freedom Family Foundation Inc,,"313 Clifton St, Suite B",Greenville,NC,27585,PITT,"313 Clifton St, Suite B Greenville NC 27585",35.5899613,-77.3760185
246,G1042,962.0,G1042,G1042BP,BP - Garris Chapel United,,823 Piney Grove Rd,LaGrange,NC,28551,WAYNE,823 Piney Grove Rd LaGrange NC 28551,35.381648,-77.818056
247,G1044,7039.109523809523,G1044,G1044FP,Greater St Peter,Church Ministries Inc,886 Will Baker Rd,Kinston,NC,28504,LENOIR,886 Will Baker Rd Kinston NC 28504,35.221911,-77.579598
248,G1045,42571.77013888889,G1045,G1045FP,Greene County Interfaith,Volunteers,412 Kingold Blvd,Snow Hill,NC,28580,GREENE,412 Kingold Blvd Snow Hill NC 28580,35.4556042,-77.6916177
249,G1046,15191.5,G1046,G1046CH,Green Lamp,,2909 Grainger Station Rd,Kinston,NC,28501,LENOIR,2909 Grainger Station Rd Kinston NC 28501,35.316103,-77.513542
250,G1048,57859.833333333336,G1048,G1048FP,Grifton Mission Ministries,,6499 N Highland Blvd,Grifton,NC,28530,PITT,6499 N Highland Blvd Grifton NC 28530,35.384948,-77.435335
251,G1050,45643.85172619048,G1050,G1050FP,Hands for Humanity CDC,,1009 E Bright St,Kinston,NC,28501,LENOIR,1009 E Bright St Kinston NC 28501,35.2570561,-77.5671078
252,G1051,19781.083333333332,G1051,G1051DR,Haven's Rescue Disaster Relief,,7487 Hwy 264 E,Washington,NC,27889,PITT,7487 Hwy 264 E Washington NC 27889,35.615759,-77.161991
253,G1052,4741.952380952381,G1052,G1052FP,Herring Grove FWB Church,,4851 US Hwy 70,Kinston,NC,28504,LENOIR,4851 US Hwy 70 Kinston NC 28504,35.2603449,-77.6612153
254,G1053,14033.739130434782,G1053,G1053FP,Hobgood Citizens Group,,401 Beech St,Hobgood,NC,27886,HALIFAX,401 Beech St Hobgood NC 27886,36.025626,-77.397139
255,G1054,197.66666666666663,G1054,G1054DR,Hope of Glory Ministries Inc,,103 E Arlington Blvd Ste 106,Greenville,NC,27858,PITT,103 E Arlington Blvd Ste 106 Greenville NC 27858,35.5909875,-77.3780128
256,G1056,8842.40909090909,G1056,G1056FP,Iglesia Pentecostal Unida,,3701 Old Pactolus Road,Greenville,NC,27834,PITT,3701 Old Pactolus Road Greenville NC 27834,35.618591,-77.325637
257,G1057,6035.4375,G1057,G1057MFP,Ivory Hill Baptist Church,,4505 Medoc Mountain Rd,Enfield,NC,27850,HALIFAX,4505 Medoc Mountain Rd Enfield NC 27850,35.806216,-78.11395
258,G1058,7244.577499999999,G1058,G1058FP,Joseph Provisions,,703 Howell St,Greenville,NC,27834,PITT,703 Howell St Greenville NC 27834,35.5993361,-77.3831022
259,G1059,1983.25,G1059,G1059SK,JOY Soup Kitchen,,700 Albemarle Ave,Greenville,NC,27834,PITT,700 Albemarle Ave Greenville NC 27834,35.609953,-77.380284
260,G1060,2325.695652173913,G1060,G1060FP,Kairos Church Ministry,,1003 S Lodge St,Wilson,NC,27893,WILSON,1003 S Lodge St Wilson NC 27893,35.715584,-77.921785
261,G1061,185.27272727272728,G1061,G1061GH,Kennedy Baptist Children's Home,,2557 Cedar Dell Ln,Kinston,NC,28504,LENOIR,2557 Cedar Dell Ln Kinston NC 28504,35.255291,-77.694694
262,G1062,3486.695652173913,G1062,G1062FP,Kingdom Care Inc,,1701 Staton Mill Rd,Greenville,NC,27836,PITT,1701 Staton Mill Rd Greenville NC 27836,35.685737,-77.35979
263,G1063,6216.166666666666,G1063,G1063AS,Kingdom Kids Club -,,1700 Chestnut St.,Greenville,NC,27834,PITT,1700 Chestnut St. Greenville NC 27834,35.604143,-77.388311
264,G1064,10966.319166666666,G1064,G1064FP,Koinonia Christian Center,Church,1405 SW Greenville Blvd,Greenville,NC,27835,PITT,1405 SW Greenville Blvd Greenville NC 27835,35.589831,-77.353776
265,G1065,19718.0,G1065,G1065DR,Lenoir - Disaster Relief,,497 W 9th St,Greenville,NC,27834,LENOIR,497 W 9th St Greenville NC 27834,35.607674,-77.3780741
266,G1066,2469.6191304347826,G1066,G1066FP,Living Waters Ministries of,Pinetops Inc SOAR,7421 US Hwy 258 S,Pinetops,NC,27864,EDGECOMBE,7421 US Hwy 258 S Pinetops NC 27864,35.806649,-77.588915
267,G1067,2381.230769230769,G1067,G1067SH,Loving Light Community,,403 Atlantic Ave,Rocky Mount,NC,27801,EDGECOMBE,403 Atlantic Ave Rocky Mount NC 27801,35.9473354,-77.7901426
268,G1068,239.52941176470588,G1068,G1068AS,LWG Inter-Generational,,1100 Ward St,Greenville,NC,27834,PITT,1100 Ward St Greenville NC 27834,35.613842,-77.385271
269,G1069,11900.666666666666,G1069,G1069FP,Mary Grove Missionary Baptist,,6202 Wiggins Mill Rd,Lucama,NC,27851,WILSON,6202 Wiggins Mill Rd Lucama NC 27851,35.6731643,-78.043974
270,G1070,814.5,G1070,G1070SK,Mary's Kitchen,,110 N Independence St,Kinston,NC,28501,LENOIR,110 N Independence St Kinston NC 28501,35.2604049,-77.5778746
271,G1071,3770.590909090909,G1071,G1071FP,"Bread of Life Ministries, Inc. ",Farmville COG 7th Day,3632 S George St,Farmville,NC,27828,GREENE,3632 S George St Farmville NC 27828,35.5909622,-77.5936552
272,G1072,2196.8947368421054,G1072,G1072FP,Mount Calvary Grace & Mercy Street Ministry,,411 Watauga Ave,Greenville,NC,27834,PITT,411 Watauga Ave Greenville NC 27834,35.6059089,-77.3897333
273,G1073,8037.041666666667,G1073,G1073MFP,NEEDS Center,,3642 S Lynch St,Fountain,NC,27829,PITT,3642 S Lynch St Fountain NC 27829,35.6731582,-77.6409612
274,G1074,6058.829166666666,G1074,G1074FP,New Freedom Interracial,,36 Manning Rd,Tarboro,NC,27886,EDGECOMBE,36 Manning Rd Tarboro NC 27886,35.848571,-77.490454
275,G1075,4554.631578947368,G1075,G1075FP,New Mt Moriah United,Holy Church,4329 Anderson Ave,Farmville,NC,27828,PITT,4329 Anderson Ave Farmville NC 27828,35.5857535,-77.5905077
276,G1076,409.5,G1076,G1076DR,Northern Pitt County,,2197 Old River Rd,Greenville,NC,27834,PITT,2197 Old River Rd Greenville NC 27834,35.6314485,-77.3755718
277,G1079,4093.224358974359,G1079,G1079AS,Operation Sunshine Inc,,1328 Chestnut St,Greenville,NC,27836,PITT,1328 Chestnut St Greenville NC 27836,35.6062244,-77.3845249
278,G1080,12699.624782608696,G1080,G1080FP,Optimal Beginnings Inc,,1003 Fred Harrison Rd,Snow Hill,NC,28580,GREENE,1003 Fred Harrison Rd Snow Hill NC 28580,35.382034,-77.686103
280,G1081,29535.150416666667,G1081,G1081FP,Paradise Outreach,Ministries Inc,908 W Star St,Greenville,NC,27834,PITT,908 W Star St Greenville NC 27834,35.568876,-77.442072
282,G1082,15847.04,G1082,G1082FP,Pentecostal Temple ,,2753 W 5th St,Greenville,NC,27834,PITT,2753 W 5th St Greenville NC 27834,35.6203201,-77.4159177
283,G1083,4675.866666666667,G1083,G1083FP,Philippi Church of Christ,,3760 Philippi Dr,Greenville,NC,27834,PITT,3760 Philippi Dr Greenville NC 27834,35.6303373,-77.3441904
284,G1084,17119.0,G1084,G1084DR,Pitt - Disaster Relief,,497 W 9th St,Greenville,NC,27834,PITT,497 W 9th St Greenville NC 27834,35.607674,-77.3780741
285,G1085,17268.146249999998,G1085,G1085DR,Project Anna Inc,,120 S Skinner St,Greenville,NC,27834,PITT,120 S Skinner St Greenville NC 27834,35.6025114,-77.3879837
286,G1086,7805.666666666667,G1086,G1086FP,Regeneration Development,"Group, Inc",105 SW 1st St. Suite D,Pinetops,NC,27864,EDGECOMBE,105 SW 1st St. Suite D Pinetops NC 27864,35.792952,-77.636545
287,G1087,26389.8115942029,G1087,G1087FP,Rose Hill Free Will Baptist,Church,6236 County Home Rd,Winterville,NC,28590,PITT,6236 County Home Rd Winterville NC 28590,35.497457,-77.352888
288,G1089,2159.9816666666666,G1089,G1089FP,Saints Delight Church of God  in Christ,,593 US-64-Alternate W,Bethel,NC,27812,PITT,593 US-64-Alternate W Bethel NC 27812,35.757803,-77.39351
290,G1090,13646.444166666668,G1090,G1090BP,Salem United Methodist Church,Share the Bounty Food Pantry,785 McDonald St,Simpson,NC,27879,PITT,785 McDonald St Simpson NC 27879,35.5750829,-77.2750814
291,G1092,8314.004583333333,G1092,G1092FP,Salvation Army-Greenville,,2718 S Memorial Drive,Greenville,NC,27834,PITT,2718 S Memorial Drive Greenville NC 27834,35.5893882,-77.3959607
292,G1093,914.8888888888888,G1093,G1093KC,KC - Scotland Neck,,617 E 11th St,Scotland Neck,NC,27874,HALIFAX,617 E 11th St Scotland Neck NC 27874,36.1281662,-77.4127593
293,G1094,1001.8947368421052,G1094,G1094FP,Senior Home Care Services Inc,Ministry of Sycamore Hill MBC,1001 Hooker Rd,Greenville,NC,27834,PITT,1001 Hooker Rd Greenville NC 27834,35.58569,-77.387524
294,G1095,1051.5263157894738,G1095,G1095BP,Sharon United Methodist Church,Book Bag Buddies,4106 Sharon Church Rd,Kinston,NC,28501,LENOIR,4106 Sharon Church Rd Kinston NC 28501,35.340783,-77.504096
295,G1096,402.2,G1096,G1096SK,Spirit of Unity,,303 N McLewean St,Kinston,NC,28501,LENOIR,303 N McLewean St Kinston NC 28501,35.2624991,-77.5793018
296,G1097,3312.5,G1097,G1097FP,St. James United Methodist,Church,2006 E 6th St,Greenville,NC,27858,PITT,2006 E 6th St Greenville NC 27858,35.6054584,-77.3536999
297,G1098,10230.605833333337,G1098,G1098BP,St. Paul's Episcopal Church,Back Pack Buddies,401 E Fourth St,Greenville,NC,27858,PITT,401 E Fourth St Greenville NC 27858,35.611568,-77.369094
298,G1099,1820.608695652174,G1099,G1099FP,St. Peter Catholic Church,,2700 E 4th St,Greenville,NC,27834,PITT,2700 E 4th St Greenville NC 27834,35.607072,-77.342451
299,G1100,6734.1,G1100,G1100MFP,St. Marks/ La Guadalupana,Episcopal Churches,106 Reid St SE,Wilson,NC,27893,WILSON,106 Reid St SE Wilson NC 27893,35.7178451,-77.9014021
300,G1101,18490.864166666663,G1101,G1101FP,St. Paul Church of Christ,Guardian Angel Outreach,4009 Lake Wilson Rd,Wilson,NC,27896,WILSON,4009 Lake Wilson Rd Wilson NC 27896,35.7755187,-77.9363922
301,G1102,4850.615384615385,G1102,G1102FP,St. Peter's Development Center,,1295 E Mumford Rd,Greenville,NC,27834,PITT,1295 E Mumford Rd Greenville NC 27834,35.627601,-77.35489
302,G1103,13606.983333333334,G1103,G1103FP,Staton Mill Road Community,Outreach Inc,1251 Fleming School Rd,Greenville,NC,27834,PITT,1251 Fleming School Rd Greenville NC 27834,35.658345,-77.391351
303,G1104,1016.4,G1104,G1104KC,KC - Str8t Progress Kids Cafe,,655 Sussex St,Kinston,NC,28504,LENOIR,655 Sussex St Kinston NC 28504,35.260061,-77.6480566
304,G1105,4790.583333333333,G1105,G1105AS,Straightway Church,,627 Boulevard St,Ayden,NC,28513,PITT,627 Boulevard St Ayden NC 28513,35.469571,-77.4109247
305,G1106,210.0,G1106,G1106KSM,SFSP - Success Academy,,1400 West 5th Street,Greenville,NC,27834,PITT,1400 West 5th Street Greenville NC 27834,35.613071,-77.388841
306,G1107,19474.285,G1107,G1107FP,Tabernacle of God Community,Church Inc Outreach Ministry,6326 Speight School Rd,Wilson,NC,27893,WILSON,6326 Speight School Rd Wilson NC 27893,35.664921,-77.8006682
308,G1108,153977.05,G1108,G1108FP,Tarboro Community Outreach,,701 Cedar Ln,Tarboro,NC,27886,EDGECOMBE,701 Cedar Ln Tarboro NC 27886,35.896485,-77.5397
309,G1111,25219.225,G1111,G1111FP,The Anointed Ones Church,Mission Office,4271 N Edge Rd,Ayden,NC,28513,PITT,4271 N Edge Rd Ayden NC 28513,35.4687766,-77.4075956
310,G1112,15258.9375,G1112,G1112FP,The Memorial Baptist Church,,1510 Greenville Blvd SE,Greenville,NC,27858,PITT,1510 Greenville Blvd SE Greenville NC 27858,35.5895748,-77.3500645
311,G1113,4290.2091666666665,G1113,G1113FP,The Rhema Word Christian,,704 East St,Kinston,NC,28501,LENOIR,704 East St Kinston NC 28501,35.267686,-77.575819
312,G1114,9863.498333333331,G1114,G1114FP,The Way of the Cross Outreach,Center,64 Craigmont Ave,Roanoke Rapids,NC,27870,HALIFAX,64 Craigmont Ave Roanoke Rapids NC 27870,36.447026,-77.699311
313,G1115,1551.340909090909,G1115,G1115AS,Third Street Community Center,,600 W Third St,Greenville,NC,27834,PITT,600 W Third St Greenville NC 27834,35.61446,-77.379646
315,G1116,15206.652916666666,G1116,G1116FP,Twilight Missionary Baptist,Church,1381 Aurelian Springs Rd,Weldon,NC,27839,HALIFAX,1381 Aurelian Springs Rd Weldon NC 27839,36.389787,-77.634671
316,G1117,30722.208333333332,G1117,G1117FP,"Union Mission, Inc",,1310 Roanoke Ave,Roanoke Rapids,NC,27870,HALIFAX,1310 Roanoke Ave Roanoke Rapids NC 27870,36.4507265,-77.6597476
317,G1118,217.0,G1118,G1118FP,Unveiling Glory In Worship,,873 W Star St,Greenville,NC,27834,PITT,873 W Star St Greenville NC 27834,35.568741,-77.44121
318,G1119,7026.352083333333,G1119,G1119FP,Victory & Dominion World,Outreach - Sheppard Ministries,1438 Hwy 13,Snow Hill,NC,28580,GREENE,1438 Hwy 13 Snow Hill NC 28580,35.458315,-77.708264
319,G1120,1260.7222222222222,G1120,G1120FP,ECU Health Medical Food Pantry,formerly Vidant Medical Food Pantry,2100 Stantonsburg Road,Greenville,NC,27834,PITT,2100 Stantonsburg Road Greenville NC 27834,35.6074352,-77.4032488
320,G1121,18548.98888888889,G1121,G1121AS,Whats The Need,,2680 Dobbs Farm Road,Kinston,NC,28504,LENOIR,2680 Dobbs Farm Road Kinston NC 28504,35.310384,-77.619145
321,G1122,8601.666666666666,G1122,G1122DR,Wilson - Disaster Relief,,497 W 9th St,Greenville,NC,27834,WILSON,497 W 9th St Greenville NC 27834,35.607674,-77.3780741
322,G1123,20118.791666666664,G1123,G1123FP,Wilson County Interfaith,Hope Station,309 Goldsboro St,Wilson,NC,27893,WILSON,309 Goldsboro St Wilson NC 27893,35.726914,-77.9075746
324,G1124,32109.6,G1124,G1124FP,Word of Truth,Anointed Ministries Inc,7227 Stantonsburg Rd,Farmville,NC,27828,PITT,7227 Stantonsburg Rd Farmville NC 27828,35.6075175,-77.5452507
325,G1125,8097.25,G1125,G1125DR,WRAJ,,604 E Wilson St,Elm City,NC,27822,WILSON,604 E Wilson St Elm City NC 27822,35.803447,-77.856216
326,G1126,68419.51,G1126,G1126FP,You Need Help Outreach,Ministry,109 W Rail Road Rd,LaGrange,NC,28551,LENOIR,109 W Rail Road Rd LaGrange NC 28551,35.301119,-77.790163
327,G1219,2198.8333333333335,G1219,G1219FP,Spirit & Truth Worship Center,,1512 N Greene St,Greenville,NC,27834,PITT,1512 N Greene St Greenville NC 27834,35.633449,-77.3715277
328,G1221,8060.44,G1221,G1221SH,Selvia Chapel F.W.B. Church,,1112 Dickinson Avenue,Greenville,NC,27834,PITT,1112 Dickinson Avenue Greenville NC 27834,35.6063541,-77.3819539
329,G1222,326.0,G1222,G1222KSM,SFSP-Tabernacle of God Community Church,,6326 Speight School Rd,Wilson,NC,27893,WILSON,6326 Speight School Rd Wilson NC 27893,35.664921,-77.8006682
330,G1223,5056.0,G1223,G1223DR,Robeson County - Disaster Relief,,1712 Union St.,Greenville,NC,27834,ROBESON,1712 Union St. Greenville NC 27834,35.571083,-77.440232
331,G1224,3828.0,G1224,G1224FP,Arise Community Outreach,,235 Brook Meadow Lane,LaGrange,NC,28551,LENOIR,235 Brook Meadow Lane LaGrange NC 28551,35.300822,-77.789453
332,G1225,24855.8705,G1225,G1225FP,Love N Action Outreach Inc.,,639 Walnut Street,Wilson,NC,27893,WILSON,639 Walnut Street Wilson NC 27893,35.7282754,-77.9229734
333,G1227,4412.363636363636,G1227,G1227FP,"Chosen Vessels Ministries, INC.",,7768 HWY. 70 W.,LaGrange,North Carolina,28551,LENOIR,7768 HWY. 70 W. LaGrange North Carolina 28551,35.306691,-77.826703
334,G1228,1850.0,G1228,G1228DD,"AMEXCAN, Inc.",,261 Belvoir HWY ,Greenville,North Carolina,27834,PITT,261 Belvoir HWY  Greenville North Carolina 27834,35.6420209,-77.3759007
335,G1233,15506.201428571429,G1233,G1233FP,Zion Chapel Food Pantry ,,377 Planters St,Ayden,NC,28513,PITT,377 Planters St Ayden NC 28513,35.4661581,-77.4221533
336,G1234,10314.0,G1234,G1234AS,"The Mercer Foundation, Inc.",,1624 Windsor Dr,Rocky Mount,NC,27801,EDGECOMBE,1624 Windsor Dr Rocky Mount NC 27801,35.9379522,-77.7717513
337,G1236,2366.5,G1236,G1236BP,86Hunger,,745 Davenport Farm Rd,Winterville,NC,28590,PITT,745 Davenport Farm Rd Winterville NC 28590,35.5448145,-77.4126974
338,N1000,3204.3333333333335,N1000,N1000DR,DR-About My Father's Business,,,New Bern ,NC,28560,CRAVEN,nan New Bern  NC 28560,35.1068428,-77.0398762
339,N1001,1860.4166666666667,N1001,N1001FP,Abundant Life International,Baptist Cathedral,1518 Gum Branch Rd,Jacksonville,NC,28540,ONSLOW,1518 Gum Branch Rd Jacksonville NC 28540,34.7834937,-77.4220499
340,N1002,15556.963753968254,N1002,N1002FP,Abundant Life Miracle Center,,1303 Beaufort St,New Bern,NC,28560,CRAVEN,1303 Beaufort St New Bern NC 28560,35.1194596,-77.0591788
342,N1003,4562.0317460317465,N1003,N1003DR,DR-Acts of Mercy ,,2838 Neuse Blvd,New Bern ,NC,28562,CRAVEN,2838 Neuse Blvd New Bern  NC 28562,35.1234118,-77.0844384
343,N1004,29442.49015151515,N1004,N1004FP,Adelphia CDC Inc,Food Pantry,205 Egret St,New Bern,NC,28562,CRAVEN,205 Egret St New Bern NC 28562,35.108718,-77.082042
349,N1005,1172.5,N1005,N1005DR,American Red Cross,,233 Middle St,New Bern,NC,28563,CRAVEN,233 Middle St New Bern NC 28563,35.1060238,-77.04038
350,N1006,1727.6666666666663,N1006,N1006FP,Antioch Community Outreach Inc,,762 Antioch Rd,New Bern,NC,28560,CRAVEN,762 Antioch Rd New Bern NC 28560,35.16769,-77.049584
351,N1008,13545.43006993007,N1008,N1008MFP,Area Day Reporting Program For,Youth/Feed My Sheep Ministries,915 Main St,New Bern,NC,28560,CRAVEN,915 Main St New Bern NC 28560,35.1134299,-77.0489996
352,N1009,177.66666666666666,N1009,N1009AS,Boys & Girls Club of the,,199 Webb Blvd,Havelock,NC,28532,CRAVEN,199 Webb Blvd Havelock NC 28532,34.877562,-76.89504
353,N1010,5519.416666666666,N1010,N1010FP,Woodville Baptist Church,,450 Hwy 70 E,Bettie,NC,28516,CARTERET,450 Hwy 70 E Bettie NC 28516,34.787708,-76.593647
354,N1011,42999.48357142857,N1011,N1011FP,Word of God Christian Center,,3650 Neuse Blvd,New Bern,NC,28562,CRAVEN,3650 Neuse Blvd New Bern NC 28562,35.1380573,-77.0993893
355,N1012,7459.173913043478,N1012,N1012BP,BP - Backpack Blessings,,PO Box 1675,New Bern,NC,28563,CRAVEN,PO Box 1675 New Bern NC 28563,35.1084931,-77.0441143
356,N1013,688.5,N1013,N1013BP,BP - United Way of Onslow County,CHEW,8 Ruth St,Jacksonville,NC,28540,ONSLOW,8 Ruth St Jacksonville NC 28540,34.7522086,-77.428738
357,N1014,14286.643055555556,N1014,N1014FP,Calvary Baptist Church,,1700 Live Oak St,Beaufort,NC,28516,CARTERET,1700 Live Oak St Beaufort NC 28516,34.7286227,-76.6393435
360,N1015,12365.4,N1015,N1015DR,Carteret - Disaster Relief,,497 W 9th St,Greenville,NC,27834,CARTERET,497 W 9th St Greenville NC 27834,35.607674,-77.3780741
361,N1016,6238.181818181818,N1016,N1016MFP,Christian Disciples,,917 Freedom Way,Hubert,NC,28539,ONSLOW,917 Freedom Way Hubert NC 28539,34.7168376,-77.1975038
362,N1017,2827.9333333333334,N1017,N1017AS,Cornerstone Assembly,,2304 US Hwy 70 E,New Bern,NC,28560,CRAVEN,2304 US Hwy 70 E New Bern NC 28560,35.009048,-76.991352
363,N1018,40103.181818181816,N1018,N1018DR,Craven County Disaster,,197 Bosch Blvd,New Bern,NC,28562,CRAVEN,197 Bosch Blvd New Bern NC 28562,35.1359699,-77.1095157
364,N1020,427.38695652173914,N1020,N1020OTH,CSFP - Fairview Apts,,2924 Brunswick Ave,New Bern,NC,28562,CRAVEN,2924 Brunswick Ave New Bern NC 28562,35.1231125,-77.0897522
365,N1023,7189.8374534161485,N1023,N1023DR,DR-Ephesus SDA Church ,,1217 Pasteur St. ,New Bern ,NC,28560,CRAVEN,1217 Pasteur St.  New Bern  NC 28560,35.1188405,-77.046243
366,N1024,9093.554347826086,N1024,N1024MFP,First United Methodist Church,of Sneads Ferry,126 Park Ln,Sneads Ferry,NC,28460,ONSLOW,126 Park Ln Sneads Ferry NC 28460,34.5523377,-77.3933183
367,N1026,29649.2875,N1026,N1026FP,Folkstone Original Free Will,Baptist Church,133 Old Folkstone Rd,Holly Ridge,NC,28445,ONSLOW,133 Old Folkstone Rd Holly Ridge NC 28445,34.535613,-77.502033
368,N1027,3237.25,N1027,N1027SP,SP - Fred Anderson,,515 Elementary School Dr,Bayboro,NC,28515,PAMLICO,515 Elementary School Dr Bayboro NC 28515,35.48064,-77.668515
369,N1029,3797.0,N1029,N1029AS,Garber United Methodist Church,,4201 Country Club Rd,New Bern,NC,28562,CRAVEN,4201 Country Club Rd New Bern NC 28562,35.075823,-77.087266
370,N1030,8815.0,N1030,N1030FP,God's City of Refuge Inc,,953 Hibbs Rd,Newport,NC,28570-1838,CARTERET,953 Hibbs Rd Newport NC 28570-1838,34.7614957,-76.8708065
371,N1031,3836.125,N1031,N1031FP,Havelock Cherry Point,Ministerial Outreach,925 E Main St Ste 20,Havelock,NC,28532,CRAVEN,925 E Main St Ste 20 Havelock NC 28532,34.8644148,-76.8984223
372,N1032,4482.898809523809,N1032,N1032DR,DR-Heartworks ,,709 Main Street,Bayboro,NC,28515,CRAVEN,709 Main Street Bayboro NC 28515,35.1437035,-76.781873
373,N1034,18671.019583333335,N1034,N1034FP,Iglesia de Dios Pentecostal,,1042 Country Club Rd,Jacksonville,NC,28546,ONSLOW,1042 Country Club Rd Jacksonville NC 28546,34.768656,-77.3892391
374,N1036,12589.875,N1036,N1036DR,Jones - Disaster Relief,,497 W 9th St,Greenville,NC,27834,JONES,497 W 9th St Greenville NC 27834,35.607674,-77.3780741
375,N1038,4587.934583333333,N1038,N1038FP,JT Kerr Memorial Baptist,Food Pantry,150 LP Willingham Pkwy,Jacksonville,NC,28540,ONSLOW,150 LP Willingham Pkwy Jacksonville NC 28540,34.748343,-77.432772
376,N1039,16375.9,N1039,N1039AS,Kingdom City Ministries of Onslow County,,508 Bell Fork Rd,Jacksonville,NC,28540,ONSLOW,508 Bell Fork Rd Jacksonville NC 28540,34.7550177,-77.395607
377,N1040,10020.504761904762,N1040,N1040FP,Lighthouse Community Church,Food Pantry,2015 US Hwy 70 E,Stacy,NC,28581,CARTERET,2015 US Hwy 70 E Stacy NC 28581,34.722583,-76.729732
379,N1041,6894.779220779221,N1041,N1041FP,Living Bread Holiness Church,New Outreach Deliverance Minis,1116 Glenburnie Rd,New Bern,NC,28561,CRAVEN,1116 Glenburnie Rd New Bern NC 28561,35.136723,-77.062742
380,N1042,458.0,N1042,N1042FP,Living Hope Community Church,,1310 Hargett St,Jacksonville,NC,28540,ONSLOW,1310 Hargett St Jacksonville NC 28540,34.7528367,-77.4099104
381,N1043,3959.571428571429,N1043,N1043FP,Loaves and Fishes of Beaufort,,112 Straits Rd,Beaufort,NC,28516,CARTERET,112 Straits Rd Beaufort NC 28516,34.734643,-76.557527
382,N1044,23072.652173913044,N1044,N1044FP,Martha's Mission Cupboard,,901 Bay St,Morehead City,NC,28557,CARTERET,901 Bay St Morehead City NC 28557,34.723984,-76.713905
383,N1045,13529.823529411764,N1045,N1045MFP,Maysville Methodist Church,Church,804 Foy Ave,Maysville,NC,28555,JONES,804 Foy Ave Maysville NC 28555,34.9009469,-77.2272063
384,N1046,11297.511904761905,N1046,N1046DR,DR-Mission Hope World Outreach,,111 W Jones Street,Trenton,NC,28532,JONES,111 W Jones Street Trenton NC 28532,35.0636898,-77.3538911
385,N1047,68385.95842650103,N1047,N1047FP,Mount Carmel ,Food Pantry and Emer. Services,2586 Onslow Dr,Jacksonville,NC,28540,ONSLOW,2586 Onslow Dr Jacksonville NC 28540,34.7646581,-77.4202825
388,N1048,1772.1,N1048,N1048FP,NABVETS ENC-VUCS,,1009 Commons Dr,Jacksonville,NC,28540,ONSLOW,1009 Commons Dr Jacksonville NC 28540,34.7961971,-77.3883976
389,N1050,191.0,N1050,N1050FP,Bear Paws Food Pantry,,4200 Academic Dr,New Bern,NC,28562,CRAVEN,4200 Academic Dr New Bern NC 28562,35.098932,-77.1149019
390,N1051,1301.752508361204,N1051,N1051CSFP,CSFP - NOAH,,3800 Lofland Way,New Bern,NC,28562,CRAVEN,3800 Lofland Way New Bern NC 28562,35.125745,-77.103687
391,N1052,2151.6875,N1052,N1052SOF,The Meadows Apartments,Senior Housing,3025 Kensington Park Dr,New Bern,NC,28560,CRAVEN,3025 Kensington Park Dr New Bern NC 28560,35.1419165,-77.0988751
392,N1053,12285.755555555555,N1053,N1053MFP,New Hope Community Outreach,,504 Main St,Maysville,NC,28555,JONES,504 Main St Maysville NC 28555,34.9050095,-77.231549
393,N1054,4677.619047619048,N1054,N1054FP1,New Life Church,,2911 Old Cherry Point Rd,New Bern,NC,28560,CRAVEN,2911 Old Cherry Point Rd New Bern NC 28560,35.060362,-77.013106
394,N1055,26863.571428571428,N1055,N1055DR,Onslow - Disaster Relief,,497 W 9th St,Greenville,NC,27834,ONSLOW,497 W 9th St Greenville NC 27834,35.607674,-77.3780741
395,N1056,46162.07971014493,N1056,N1056FP,Onslow Community Outreach ,Jacksonville,1210 Hargett St,Jacksonville,NC,28540,ONSLOW,1210 Hargett St Jacksonville NC 28540,34.7512646,-77.4121912
396,N1057,1200.571428571429,N1057,N1057FP,Open Arms Plain Truth,,578 Sandridge Rd Ste 5,Hubert,NC,28539,ONSLOW,578 Sandridge Rd Ste 5 Hubert NC 28539,34.682173,-77.212464
397,N1058,26548.76958333333,N1058,N1058FP,Open Door Management Inc,,1675 Halltown Rd,Jacksonville,NC,28546,ONSLOW,1675 Halltown Rd Jacksonville NC 28546,34.7733767,-77.3557684
398,N1059,29590.03625,N1059,N1059FP,Pamlico County Fishes & Loaves,Outreach Inc,108 Straight Rd,Oriental,NC,28571,PAMLICO,108 Straight Rd Oriental NC 28571,35.0469173,-76.6897607
401,N1060,1298.4,N1060,N1060GH1,Vanceboro Group Home - Monarch,,143 James St,Vanceboro,NC,28586,CRAVEN,143 James St Vanceboro NC 28586,35.1029515,-77.0726421
402,N1061,6584.0205000000005,N1061,N1061AS,Peletah Ministries,,1908 Trent Blvd,New Bern,NC,28560,CRAVEN,1908 Trent Blvd New Bern NC 28560,35.1051842,-77.0688928
403,N1062,3742.944444444444,N1062,N1062FP,Reelsboro United Christian Svc,Reelsboro UMC,51 Holland Dr,New Bern,NC,28560,PAMLICO,51 Holland Dr New Bern NC 28560,35.10575,-77.0477
404,N1063,43139.34502923977,N1063,N1063FP,Religious Community Services,,919 George St,New Bern,NC,28560,CRAVEN,919 George St New Bern NC 28560,35.1149406,-77.0447717
405,N1064,29365.41875,N1064,N1064FP,Richlands Community Outreach,Ministry,8701 Richlands Hwy PO Box 741,Richlands,NC,28574,ONSLOW,8701 Richlands Hwy PO Box 741 Richlands NC 28574,34.9013834,-77.55331
407,N1065,6090.347826086957,N1065,N1065FP,Salvation Army Carteret Co,,2800 Bridges St,Morehead City,NC,28557,CARTERET,2800 Bridges St Morehead City NC 28557,34.726487,-76.740904
408,N1067,40722.88287280702,N1067,N1067FP1,Salvation Army-Jacksonville,,461 Center St,Jacksonville,NC,28546,ONSLOW,461 Center St Jacksonville NC 28546,34.756223,-77.3859087
410,N1068,11971.173333333334,N1068,N1068FP,Salvation Army-Maysville,Assistance,461 Center St,Jacksonville,NC,28546,JONES,461 Center St Jacksonville NC 28546,34.756223,-77.3859087
411,N1069,2052.375,N1069,N1069FP,Salvation Army-New Bern,,1402 Rhem Ave,New Bern,NC,28560,CRAVEN,1402 Rhem Ave New Bern NC 28560,35.1063286,-77.0575055
412,N1070,5467.090909090909,N1070,N1070FP,Second Chance Mission Of Hope,,309 Court St,Jacksonville,NC,28540,ONSLOW,309 Court St Jacksonville NC 28540,34.7472308,-77.4322115
413,N1071,27480.35,N1071,N1071FP,White Oak Ecumenical Outreach Ministries ,Outreach Ministries,724 W Corbett Ave,Swansboro,NC,28584,ONSLOW,724 W Corbett Ave Swansboro NC 28584,34.6941522,-77.1319377
414,N1072,1513.7166666666667,N1072,N1072DR,DR-St. Andrew's Lutheran Church ,,1605 Neuse Blvd,New Bern ,NC,28560,CRAVEN,1605 Neuse Blvd New Bern  NC 28560,35.1099018,-77.0605152
415,N1073,659.7857142857143,N1073,N1073FP,St. Anne's Episcopal Church,,711 Henderson Dr,Jacksonville,NC,28540,ONSLOW,711 Henderson Dr Jacksonville NC 28540,34.7741209,-77.4272474
416,N1074,6683.964927536232,N1074,N1074FP,St. James Methodist Church,,1007 Orange St,Newport,NC,28570,CARTERET,1007 Orange St Newport NC 28570,34.786136,-76.8570886
417,N1075,1304.6,N1075,N1075AS,St. Johns Missionary Baptist,,1130 Walt Bellamy Dr,New Bern,NC,28560,CRAVEN,1130 Walt Bellamy Dr New Bern NC 28560,35.1043324,-77.0530085
418,N1076,1826.8333333333333,N1076,N1076FP,Tabernacle Baptist Church,Unity Ministry,616 Broad St,New Bern,NC,28560,CRAVEN,616 Broad St New Bern NC 28560,35.1085058,-77.0432089
419,N1077,28558.704166666663,N1077,N1077FP,Feed Craven ,The Church at New Bern,3317 Hwy 70 E,New Bern,NC,28560,CRAVEN,3317 Hwy 70 E New Bern NC 28560,35.009006,-76.991464
420,N1078,54472.7125,N1078,N1078FP,The Storehouse Pantry,,3114 Bridges St,Morehead City,NC,28557,CARTERET,3114 Bridges St Morehead City NC 28557,34.7273515,-76.7457823
421,N1080,3674.274509803922,N1080,N1080FP,Trenton Methodist Church,Church-Food Pantry,107 N Market St,Trenton,NC,28585,JONES,107 N Market St Trenton NC 28585,35.064564,-77.353286
422,N1081,7635.2505,N1081,N1081FP,Undenominational Pentcostal,,801 US 70 E,New Bern,NC,28560,CRAVEN,801 US 70 E New Bern NC 28560,35.009006,-76.991464
423,N1082,628.0,N1082,N1082AS,United Missionary,,907 Main St,New Bern,NC,28560,CRAVEN,907 Main St New Bern NC 28560,35.113322,-77.048438
424,N1083,9588.380952380952,N1083,N1083FP,Vanceboro Christian Help Center,Help Center,411 White St,Vanceboro,NC,28586,CRAVEN,411 White St Vanceboro NC 28586,35.2985897,-77.1521996
425,N1084,9354.47619047619,N1084,N1084FP,Wildwood Presbyterian Church,,276 Wildwood Rd,Newport,NC,28570,CARTERET,276 Wildwood Rd Newport NC 28570,34.7489,-76.825446
426,N1089,133.0,N1089,N1089FP,St. Paul's Episcopal Church ,,215 Ann Street ,Beaufort ,North Carolina ,28516,CARTERET,215 Ann Street  Beaufort  North Carolina  28516,34.7197953,-76.6670183
427,N1090,20846.88263157895,N1090,N1090FP,Promise Place,,1401 Park Avenue,New Bern ,NC,28560,CRAVEN,1401 Park Avenue New Bern  NC 28560,35.1045897,-77.0572802
428,N1091,197.0,N1091,N1091FP,Craven Terrace Food Pantry,,601 Roundtree Street (Building G2-270),New Bern ,NC,28562,CRAVEN,601 Roundtree Street (Building G2-270) New Bern  NC 28562,35.116959,-77.190548
429,N1092,57930.23272727273,N1092,N1092FP,St. Julia AME Zion,,112 Kerr St,Jacksonville,NC,28540,ONSLOW,112 Kerr St Jacksonville NC 28540,34.7473883,-77.4331379
430,N1093,34555.60544871795,N1093,N1093FP,The Filling Station,,221 Main St,Pollocksville,NC,28573,JONES,221 Main St Pollocksville NC 28573,35.0063599,-77.2206518
431,N1094,25946.0,N1094,N1094DR,Beaufort County - Disaster Relief,,,,,,BEAUFORT,nan nan nan nan,,
432,N1095,1932.0,N1095,N1095SK,Hope Mission of Carteret County,,1410 Bridges Street,Morehead City ,NC,28557,CARTERET,1410 Bridges Street Morehead City  NC 28557,34.7230275,-76.7213285
433,N1096,28629.0,N1096,N1096DR,Jones County Disaster Relief Food Pantry,,202 W Jones Street,Trenton,NC,28585,JONES,202 W Jones Street Trenton NC 28585,35.0640915,-77.3553383
434,R1000,2351.4545454545455,R1000,R1000FP,A Place Called Hope,,1809 Garner Station Blvd,Raleigh,NC,27603,WAKE,1809 Garner Station Blvd Raleigh NC 27603,35.72477,-78.658332
435,R1001,776.7,R1001,R1001FP,A Touch From Above Faith,Center,654 Main St,Wilson Mills,NC,27593,JOHNSTON,654 Main St Wilson Mills NC 27593,35.5822612,-78.353196
436,R1002,102298.43306818184,R1002,R1002FP,A Touch of the Father's Love,Inc,5193 Momeyer Way,Nashville,NC,27856,NASH,5193 Momeyer Way Nashville NC 27856,35.961416,-78.057355
437,R1003,11310.545454545454,R1003,R1003FP,Abundant Life Ministries,,500 Peachtree St,Rocky Mount,NC,27801,NASH,500 Peachtree St Rocky Mount NC 27801,35.949669,-77.797811
438,R1004,32908.27727272727,R1004,R1004AS,ADLA Inc,,612 S Breazeale Ave,Mount Olive,NC,28365,WAYNE,612 S Breazeale Ave Mount Olive NC 28365,35.189867,-78.075249
439,R1005,292.8,R1005,R1005OTH,Adopted Agencies,,1924 Capital Blvd,Raleigh,NC,27604,WAKE,1924 Capital Blvd Raleigh NC 27604,35.8044022,-78.6151915
440,R1006,3267.9545454545455,R1006,R1006SON,Adult Day Health,Activity Center,1107 Fairview Rd,Rocky Mount,NC,27802,EDGECOMBE,1107 Fairview Rd Rocky Mount NC 27802,35.94404,-77.7737
441,R1007,25916.4,R1007,R1007FB1,Albemarle Food Bank,,,,NC,,FOODBANK,nan nan NC nan,35.6729639,-79.0392919
442,R1008,96.33333333333331,R1008,R1008OTH,Alice Aycock Poe Center,of Health Education,224 Sunnybrook Rd,Raleigh,NC,27610,WAKE,224 Sunnybrook Rd Raleigh NC 27610,35.778772,-78.583468
443,R1009,1722.25,R1009,R1009KSM,SFSP - All About Us Kids,,329 Charlotte Avenue,Sanford,NC,27330,LEE,329 Charlotte Avenue Sanford NC 27330,35.4835541,-79.1692556
444,R1010,4756.530000000001,R1010,R1010FP,Alliance of AIDS Services,Carolina/Wake,1637 Old Louisburg Rd,Raleigh,NC,27604,WAKE,1637 Old Louisburg Rd Raleigh NC 27604,35.8030136,-78.6228183
445,R1011,624.695652173913,R1011,R1011OTH,An Elegant Affair,,3900 Barrett Dr,Raleigh,NC,27609,WAKE,3900 Barrett Dr Raleigh NC 27609,35.8282993,-78.6310873
446,R1012,17294.798333333332,R1012,R1012FP,Angier Area Food Pantry,,455 W Depot St,Angier,NC,27501,HARNETT,455 W Depot St Angier NC 27501,35.5072657,-78.744219
447,R1013,1553.2941176470588,R1013,R1013AS,Apex UMC,Feed The Kids,100 S Hughes St,Apex,NC,27502,WAKE,100 S Hughes St Apex NC 27502,35.72973,-78.849466
448,R1014,12026.125,R1014,R1014FP,Apostolic Faith Church ,,300 Cedar St,Rocky Mount,NC,27803,NASH,300 Cedar St Rocky Mount NC 27803,35.918839,-77.808749
449,R1019,391.8,R1019,R1019KC,KC - AventWest at Avent Ferry,,2700 Avent Ferry Rd,Raleigh,NC,27606,WAKE,2700 Avent Ferry Rd Raleigh NC 27606,35.77219,-78.685427
450,R1020,5988.196363636364,R1020,R1020FP,Family Food Basket,,6321 Old Raleigh Rd,Sims,NC,27880,WILSON,6321 Old Raleigh Rd Sims NC 27880,35.740512,-78.0622269
451,R1021,1269.036231884058,R1021,R1021FP, Baptist Grove,,7109 Leesville Rd,Raleigh,NC,27617,WAKE,7109 Leesville Rd Raleigh NC 27617,35.8723508,-78.7010316
452,R1022,491.0952380952381,R1022,R1022OTH,CSFP - Barton Apartments,,110 Wister Ct,Roanoke Rapids,NC,27870,HALIFAX,110 Wister Ct Roanoke Rapids NC 27870,36.4379096,-77.6301051
453,R1023,2054.1428571428573,R1023,R1023OTH,CSFP - Becker Manor,,520 Becker Dr,Roanoke Rapids,NC,27870,HALIFAX,520 Becker Dr Roanoke Rapids NC 27870,36.439221,-77.633506
454,R1024,7655.743750000001,R1024,R1024FP,Benson Area Ministerial,Association,1204 N Johnson St,Benson,NC,27504,JOHNSTON,1204 N Johnson St Benson NC 27504,35.3891444,-78.5364495
455,R1026,4168.166666666667,R1026,R1026FP,Bethlehem Baptist Church,,7215 Six Forks Rd,Raleigh,NC,27615,WAKE,7215 Six Forks Rd Raleigh NC 27615,35.8786101,-78.6460751
456,R1029,8758.391304347826,R1029,R1029FP,Blood of the Lamb Church,,1100 The First Church Rd,Goldsboro,NC,27534,WAYNE,1100 The First Church Rd Goldsboro NC 27534,35.395223,-77.970222
457,R1030,29828.0,R1030,R1030FB,Blue Ridge Area Food Bank,,,,VA,,WAKE,nan nan VA nan,37.1232245,-78.4927721
458,R1031,859.5,R1031,R1031KSM1,SFSP- Boys & Girls Club Tar,,904 S. Brake St,Nashville,NC,27856,NASH,904 S. Brake St Nashville NC 27856,35.963238,-77.963933
459,R1032,18759.25,R1032,R1032SK,Bread Basket/Sanford Soup,Kitchen,140 E Chisholm St,Sanford,NC,27331,LEE,140 E Chisholm St Sanford NC 27331,35.4858158,-79.178845
460,R1033,9761.837916666667,R1033,R1033FP,Bread of Life Ministries,of Sanford,219 Maple Ave,Sanford,NC,27330,LEE,219 Maple Ave Sanford NC 27330,35.4799729,-79.1723667
461,R1034,5047.916666666667,R1034,R1034OTH,CSFP - Broad Inc,,583 Bunn Elementary Rd,Bunn,NC,27508,FRANKLIN,583 Bunn Elementary Rd Bunn NC 27508,35.9517361,-78.2555119
462,R1035,3075.554761904762,R1035,R1035CSF,CSFP - Brooks Ave,,700 Brooks Ave,Raleigh,NC,27607,WAKE,700 Brooks Ave Raleigh NC 27607,35.796938,-78.6727805
463,R1036,5192.466666666667,R1036,R1036OTH,Brown Bag Ministry,,800 Lufkin Rd,Apex,NC,27502,WAKE,800 Lufkin Rd Apex NC 27502,35.713831,-78.836223
464,R1037,17644.083333333332,R1037,R1037FP,Building 323,,73 Wilder Rd,Middlesex,NC,27557,JOHNSTON,73 Wilder Rd Middlesex NC 27557,35.753762,-78.256875
465,R1038,542.0,R1038,R1038FP,Burning Bush Ministries Inc,,503 US Hwy 70 E Ste C,Garner,NC,27529,WAKE,503 US Hwy 70 E Ste C Garner NC 27529,35.701084,-78.598612
466,R1039,14058.532173913043,R1039,R1039FP,By Faith Church,,4667 Evansdale Rd,Wilson,NC,27893,WILSON,4667 Evansdale Rd Wilson NC 27893,35.6473619,-77.880573
467,R1040,224.5,R1040,R1040KSM1,SFSP - Camp I Can,,1320 Mack Todd Road,Zebulon,NC,27597,WAKE,1320 Mack Todd Road Zebulon NC 27597,35.807809,-78.3355433
468,R1041,16086.916666666666,R1041,R1041FP,Capital Pentacostal Church,,1308 US-70,Garner,NC,27529,WAKE,1308 US-70 Garner NC 27529,35.6967452,-78.5855717
469,R1042,1422.4166666666667,R1042,R1042CSF,CSFP - Capital Towers,,4808 Six Forks Rd,Raleigh,NC,27609,WAKE,4808 Six Forks Rd Raleigh NC 27609,35.84586,-78.6420796
470,R1044,30347.633804347828,R1044,R1044FP,"Care and Share, Inc.",,110 Industrial Dr,Louisburg,NC,27549,FRANKLIN,110 Industrial Dr Louisburg NC 27549,36.1038188,-78.2902356
471,R1047,12230.3,R1047,R1047FP,Cathedral De Jesus,,717 S Arendell Ave,Zebulon,NC,27597,WAKE,717 S Arendell Ave Zebulon NC 27597,35.8127634,-78.3069001
472,R1048,101181.12541666666,R1048,R1048FP,Catholic Parish Outreach,,2013 N Raleigh Blvd,Raleigh,NC,27604,WAKE,2013 N Raleigh Blvd Raleigh NC 27604,35.808455,-78.603346
473,R1050,245.6,R1050,R1050SCH,Centennial Campus Middle,,1900 Main Campus Dr,Raleigh,NC,27606,WAKE,1900 Main Campus Dr Raleigh NC 27606,35.7540967,-78.6937286
474,R1052,11626.95,R1052,R1052FP,Changing Hearts Deliverance,,102 Holt's Pond Rd,Princeton,NC,27569,JOHNSTON,102 Holt's Pond Rd Princeton NC 27569,35.464658,-78.164786
475,R1053,257.3333333333333,R1053,R1053OTH,CSFP - Chapel Ridge Manor Apts,,264 Jesslyn Dr,Roanoke Rapids,NC,27870,HALIFAX,264 Jesslyn Dr Roanoke Rapids NC 27870,35.795342,-77.680439
476,R1054,3766.611856162843,R1054,R1054AD,Chatham County Group Homes READD Center,,251 Lynnbrook Dr,Siler City,NC,27344,CHATHAM,251 Lynnbrook Dr Siler City NC 27344,35.661265,-79.438707
485,R1056,19530.166666666664,R1056,R1056FP,Christ Community United,Methodist Church,1082 Amelia Church Rd,Clayton,NC,27520,JOHNSTON,1082 Amelia Church Rd Clayton NC 27520,35.6470269,-78.4898179
486,R1058,9785.875,R1058,R1058FP,Christian Faith Ministries,,3110 Cameron Dr,Sanford,NC,27330,LEE,3110 Cameron Dr Sanford NC 27330,35.4439542,-79.1461017
487,R1059,465.54545454545456,R1059,R1059GH,Christian Life Home,,Confidential,,NC,,WAKE,Confidential nan NC nan,36.131803,-79.412521
488,R1060,56642.154204545455,R1060,R1060FP,Christians United Outreach Ctr,,2885 Lee Ave,Sanford,NC,27330,LEE,2885 Lee Ave Sanford NC 27330,35.4503726,-79.144568
489,R1061,4926.125,R1061,R1061FP,Church Of God Of Prophecy,Raleigh,5005 Western Blvd,Raleigh,NC,27606,WAKE,5005 Western Blvd Raleigh NC 27606,35.7852858,-78.7206489
490,R1062,10743.5,R1062,R1062FP,Church of God-Sermon del Monte,,6105 Fayetteville Rd,Raleigh,NC,27603,WAKE,6105 Fayetteville Rd Raleigh NC 27603,35.7269662,-78.6500037
491,R1063,1515.5454545454545,R1063,R1063AS,Church on the Rise,,1725 Davis St,Rocky Mount,NC,27804,NASH,1725 Davis St Rocky Mount NC 27804,35.9220669,-77.8070849
492,R1064,13102.333333333334,R1064,R1064FB,City Harvest Food Bank of NYC,,,,NY,,FOODBANK,nan nan NY nan,40.7127281,-74.0060152
493,R1065,550.0,R1065,R1065KSM1,SFSP - City of Goldsboro - WA,,516 S. Leslie Street,Goldsboro,NC,27530,WAYNE,516 S. Leslie Street Goldsboro NC 27530,35.3751148,-77.9885366
494,R1066,12251.666666666666,R1066,R1066FP,Clayton Area Ministries,,780 Durham St,Clayton,NC,27520,JOHNSTON,780 Durham St Clayton NC 27520,35.639806,-78.4586405
495,R1068,23003.35,R1068,R1068DD,Clinton (St. Stephens Church),,207 W Lee St,Clinton,NC,28328,SAMPSON,207 W Lee St Clinton NC 28328,35.0016808,-78.3325618
496,R1069,1640.157894736842,R1069,R1069FP,Coats Baptist Church,,554 N McKinley St,Coats,NC,27521,HARNETT,554 N McKinley St Coats NC 27521,35.4160331,-78.6719199
497,R1070,15083.5,R1070,R1070FP,Coats COGOP,Grass Roots Outreach & Worship,7819 NC Hwy 27,Coats,NC,27521,HARNETT,7819 NC Hwy 27 Coats NC 27521,35.403068,-78.611037
498,R1071,884.0,R1071,R1071OTH,CSFP - Colony Woods,,901 E Lititleton Rd,Roanoke Rapids,NC,27870,HALIFAX,901 E Lititleton Rd Roanoke Rapids NC 27870,36.46154,-77.65415
499,R1072,290.0,R1072,R1072KC,KC - Community Enrichment,,99 N Main St,Tarboro,NC,27886,EDGECOMBE,99 N Main St Tarboro NC 27886,35.894621,-77.53284
500,R1073,105152.96215909092,R1073,R1073FP,Community Helpers Service,Center Inc,111-B N First Ave,Knightdale,NC,27545,WAKE,111-B N First Ave Knightdale NC 27545,35.800385,-78.478226
501,R1074,15580.041666666666,R1074,R1074AS,Community of Hope Ministries,,601 St Mary's St,Garner,NC,27529,WAKE,601 St Mary's St Garner NC 27529,35.704103,-78.613901
502,R1075,29452.007916666666,R1075,R1075FP,Comunidad Cristiana Hosanna,,204 Shelden Dr,Raleigh,NC,27610,WAKE,204 Shelden Dr Raleigh NC 27610,35.7417709,-78.6371808
503,R1076,3170.8,R1076,R1076FP,Concerned Citizens Of Tillery,,321 Community Center Rd,Tillery,NC,27887,HALIFAX,321 Community Center Rd Tillery NC 27887,36.25656,-77.480784
504,R1077,11584.968260869566,R1077,R1077FP,Corinth United,,7900 Zebulon Rd,Youngsville,NC,27596,WAKE,7900 Zebulon Rd Youngsville NC 27596,35.97595,-78.442843
505,R1078,3003.4583333333335,R1078,R1078FP,Covenant Life Church,,555 SW Maynard Rd.,Cary,NC,27511,WAKE,555 SW Maynard Rd. Cary NC 27511,35.7715846,-78.7941314
506,R1079,390.5,R1079,R1079FP,Crabtree Valley Baptist Church,,4408 Lead Mine Rd,Raleigh,NC,27622,WAKE,4408 Lead Mine Rd Raleigh NC 27622,35.8400749,-78.6735081
507,R1082,4560.214285714285,R1082,R1082WPP,WPP - Cummins Engine Plant RM,,9377 US Hwy 301 N,Whitakers,NC,27891,EDGECOMBE,9377 US Hwy 301 N Whitakers NC 27891,36.0927151,-77.733181
508,R1083,1318.6666666666667,R1083,R1083FP,Deliverance Church,,3328 Old Stage Rd,Angier,NC,27501,HARNETT,3328 Old Stage Rd Angier NC 27501,35.4572427,-78.6911528
509,R1086,34287.2,R1086,R1086DD,Direct Dist. -- Duplin County,,708 Gilbert St,Durham,NC,27701,DUPLIN,708 Gilbert St Durham NC 27701,35.9952715,-78.8898382
510,R1088,47837.94736842105,R1088,R1088DD,CSFP - Direct Dist. - Wake Co,,1924 Capital Blvd,Raleigh,NC,27604,WAKE,1924 Capital Blvd Raleigh NC 27604,35.8044022,-78.6151915
511,R1089,118822.0,R1089,R1089DD,Direct Dist. -- Wayne County,,1924 Capital Blvd,Raleigh,NC,27609,WAYNE,1924 Capital Blvd Raleigh NC 27609,35.8075535,-78.6156241
512,R1091,4652.333333333333,R1091,R1091DD,Direct Distr - Franklin County,,3808 Tarheel Dr,Raleigh,NC,27609,FRANKLIN,3808 Tarheel Dr Raleigh NC 27609,35.8314857,-78.60725
513,R1092,21908.733333333337,R1092,R1092DD,Direct Distr - Harnett County,,1924 Capital Blvd,Raleigh,NC,27609,HARNETT,1924 Capital Blvd Raleigh NC 27609,35.8075535,-78.6156241
514,R1093,7368.0,R1093,R1093DD,CSFP - Direct Distr - Inborden,,432 Hannon St,Enfield,NC,27823,HALIFAX,432 Hannon St Enfield NC 27823,36.1719885,-77.6676861
515,R1096,18878.25,R1096,R1096DD,Direct Distr- Edgecombe County,,3808 Tarheel Dr,Raleigh,NC,27609,EDGECOMBE,3808 Tarheel Dr Raleigh NC 27609,35.8314857,-78.60725
516,R1097,28000.0,R1097,R1097CSFP,CSFP - Direct Distr Halifax Co,,1924 Capital Blvd,Raleigh,NC,27604,HALIFAX,1924 Capital Blvd Raleigh NC 27604,35.8044022,-78.6151915
517,R1098,7614.5,R1098,R1098DD,Direct Distr - Johnston County,,3808 Tarheel Dr,Raleigh,NC,27609,JOHNSTON,3808 Tarheel Dr Raleigh NC 27609,35.8314857,-78.60725
518,R1099,16842.454545454544,R1099,R1099DD,Direct Distr. - Halifax County,,1924 Capital Blvd,Raleigh,NC,27604,HALIFAX,1924 Capital Blvd Raleigh NC 27604,35.8044022,-78.6151915
519,R1101,33449.57142857143,R1101,R1101DD,Direct Dist. -- NASH County,,1924 Capital Blvd,Raleigh,NC,27604,NASH,1924 Capital Blvd Raleigh NC 27604,35.8044022,-78.6151915
520,R1102,8125.0,R1102,R1102CA,CKC - Diversity Nurtures,,104 Revelle Rd,Warsaw,NC,28398,DUPLIN,104 Revelle Rd Warsaw NC 28398,35.008187,-78.079788
521,R1103,1262.695652173913,R1103,R1103FP,Dorcas Ministries,Christian Community In Action,187 High House Rd,Cary,NC,27511,WAKE,187 High House Rd Cary NC 27511,35.78335,-78.798658
522,R1104,321.0,R1104,R1104DR,SFSP - Dream Center,,3819 Bonneville Ct,Raleigh,NC,27609,WAKE,3819 Bonneville Ct Raleigh NC 27609,35.8358485,-78.5969267
523,R1105,631.0,R1105,R1105KSM,SFSP - Dunn Police Athletic,,610 Fairground Road,Dunn,NC,28334,HARNETT,610 Fairground Road Dunn NC 28334,35.3201745,-78.6078829
524,R1106,21349.090909090908,R1106,R1106DR,Duplin - Disaster Relief,,1924 Capital Blvd,Raleigh,NC,27604,DUPLIN,1924 Capital Blvd Raleigh NC 27604,35.8044022,-78.6151915
525,R1107,5948.355555555556,R1107,R1107FB5,"Duplin Christian Outreach, Faith by Grace",Ministries,2635 S NC Hwy 11 ,Rose Hill,NC,28466,DUPLIN,2635 S NC Hwy 11  Rose Hill NC 28466,34.742058,-77.983605
532,R1109,26614.714285714286,R1109,R1109FP,East Duplin Christian Outreach,,111 W Quinn St,Beulaville,NC,28518,DUPLIN,111 W Quinn St Beulaville NC 28518,34.9252812,-77.7734673
533,R1112,6593.0952380952385,R1112,R1112AS,Ebenezer Missionary Baptist,,702 W Raleigh Blvd,Rocky Mount,NC,27803,NASH,702 W Raleigh Blvd Rocky Mount NC 27803,35.9345711,-77.8088915
534,R1114,25632.535833333335,R1114,R1114FP1,Edgerton Memorial UMC,,401 W Anderson St,Selma,NC,27576,JOHNSTON,401 W Anderson St Selma NC 27576,35.5373844,-78.2868644
535,R1116,5008.0,R1116,R1116DR,Emerge Ministries,,978 Old Chinquapin Rd,Beulaville,NC,28518,LENOIR,978 Old Chinquapin Rd Beulaville NC 28518,34.9057239,-77.7698807
536,R1117,34628.51833333333,R1117,R1117FP,Emmanuel Hispanic Pentecostal,Holiness Church,4119 Rock Quarry Rd,Raleigh,NC,27610,WAKE,4119 Rock Quarry Rd Raleigh NC 27610,35.7440451,-78.5796559
538,R1120,555.6190476190476,R1120,R1120OTH,CSFP - Fair Meadows Apts,,100 NC Hwy 3341,Roanoke Rapids,NC,27870,HALIFAX,100 NC Hwy 3341 Roanoke Rapids NC 27870,35.530552,-76.965994
539,R1121,3048.200909090909,R1121,R1121FP,Faith In Action,,100 Professional Ct Suite 104,Garner,NC,27529,WAKE,100 Professional Ct Suite 104 Garner NC 27529,35.6080443,-78.5692325
540,R1122,6775.670416666667,R1122,R1122FP,Faith Missionary Baptist,Church,908 Suffolk Blvd,Raleigh,NC,27603,WAKE,908 Suffolk Blvd Raleigh NC 27603,35.7450327,-78.6591247
541,R1123,1323.9130434782608,R1123,R1123FP1,Faith Tabernacle Ministry,,591 Guy Rd,Clayton,NC,27520,JOHNSTON,591 Guy Rd Clayton NC 27520,35.6434831,-78.4867696
542,R1124,336.0,R1124,R1124SON,Family Circle Elder Care,,820 W Garner Rd,Garner,NC,27529,WAKE,820 W Garner Rd Garner NC 27529,35.7112817,-78.613261
543,R1125,4914.083333333333,R1125,R1125OTH,Fathers Forever,,3029 Stoneybrook Dr Ste 105,Raleigh,NC,27604,WAKE,3029 Stoneybrook Dr Ste 105 Raleigh NC 27604,35.8169497,-78.5926895
544,R1126,34692.0,R1126,R1126FB,Feeding Tampa Bay,,"4702 Transport Dr., Building 6",Tampa,FL,33605,FOODBANK,"4702 Transport Dr., Building 6 Tampa FL 33605",27.957198,-82.404759
545,R1127,1339.625,R1127,R1127GH,Fellowship Home of Raleigh,,506 Cutler St,Raleigh,NC,27603,WAKE,506 Cutler St Raleigh NC 27603,35.7743432,-78.6521767
546,R1128,764.0,R1128,R1128GH,Fellowship of Christ Church,,1001 Tarboro St,Rocky Mount,NC,27801,EDGECOMBE,1001 Tarboro St Rocky Mount NC 27801,35.933022,-77.783699
547,R1129,672.7619047619048,R1129,R1129FP,Fidelity Baptist Church ,,PO Box 273,Littleton,NC,27850,HALIFAX,PO Box 273 Littleton NC 27850,36.4348946,-77.9119615
548,R1130,2235.82,R1130,R1130FP,First Assembly of God Church,Goldsboro,3000 Summit Rd,Goldsboro,NC,27534-8701,WAYNE,3000 Summit Rd Goldsboro NC 27534-8701,35.375647,-77.938978
549,R1131,17416.40519607843,R1131,R1131FP,First Baptist Church of Smithfield,,202 S Fourth St,Smithfield,NC,27577,JOHNSTON,202 S Fourth St Smithfield NC 27577,35.509359,-78.345405
550,R1132,491.6666666666667,R1132,R1132KC,KC - First Baptist Church,,408 W Main St,Wallace,NC,28466,DUPLIN,408 W Main St Wallace NC 28466,34.7336635,-78.001118
551,R1133,31589.27900362319,R1133,R1133FP,First Cosmopolitan MBC,,1515 Cross Link Rd,Raleigh,NC,27610,WAKE,1515 Cross Link Rd Raleigh NC 27610,35.7531073,-78.6158111
552,R1134,6302.631578947368,R1134,R1134FP,First Missionary,Wilson's Mill Mobile,40 Durant Rd,Wilson's Mill,NC,27593,JOHNSTON,40 Durant Rd Wilson's Mill NC 27593,35.577097,-78.347997
553,R1135,1063.9545454545455,R1135,R1135FP,First Pentecostal Power,,3607 Buffalo Rd,Raleigh,NC,27604,WAKE,3607 Buffalo Rd Raleigh NC 27604,35.8401888,-78.5304363
554,R1136,668.6363636363636,R1136,R1136BP,BP - First Presbyterian Church,,17 E 5th St,Roanoke Rapids,NC,27870,HALIFAX,17 E 5th St Roanoke Rapids NC 27870,36.4642936,-77.6526985
555,R1137,4465.533333333333,R1137,R1137BP,BP - First United,,100 S Church St,Rocky Mount,NC,27804,NASH,100 S Church St Rocky Mount NC 27804,35.9352698,-77.8000971
556,R1138,3922.142857142858,R1138,R1138OTH,CSFP - First Worldwide,,3201 New Bern Ave,Raleigh,NC,27610,WAKE,3201 New Bern Ave Raleigh NC 27610,35.790105,-78.586953
557,R1139,7288.842105263157,R1139,R1139FP,Fishers of Men Food Bank,,903 S Center St,Mt. Olive,NC,28365,WAYNE,903 S Center St Mt. Olive NC 28365,35.205196,-78.044452
558,R1140,390.0,R1140,R1140GH,Flynn Home Of Goldsboro,,409 N George St,Goldsboro,NC,27530,WAYNE,409 N George St Goldsboro NC 27530,35.3881666,-77.9985301
559,R1141,31882.0,R1141,R1141FB,Food Bank of Central Louisiana,,,,LA,,FOODBANK,nan nan LA nan,30.8703881,-92.007126
560,R1144,8237.238095238095,R1144,R1144DD,Food Bank of NC Direct Distr,,1924 Capital Blvd,Raleigh,NC,27604,WAKE,1924 Capital Blvd Raleigh NC 27604,35.8044022,-78.6151915
561,R1145,5115.0,R1145,R1145FB,Food Bank Of Northwest NC,,,,NC,,FOODBANK,nan nan NC nan,35.6729639,-79.0392919
562,R1146,70098.0,R1146,R1146FB,Foodbank Of Southeastern VA,,,,VA,,FOODBANK,nan nan VA nan,37.1232245,-78.4927721
563,R1147,23470.0,R1147,R1147DR,Foodlady,,2188 Indian Springs rd,Mt Olive,NC,28365,WAYNE,2188 Indian Springs rd Mt Olive NC 28365,35.205196,-78.044452
564,R1150,4822.446,R1150,R1150FP,Fountain of Hope,,900 Wilkins St,Rocky Mount,NC,27803,NASH,900 Wilkins St Rocky Mount NC 27803,35.927235,-77.819664
565,R1152,902.2,R1152,R1152GH,"Free Will Baptist Children's Home, Inc.",,7907 Buck Deans Rd,Middlesex,NC,27557,NASH,7907 Buck Deans Rd Middlesex NC 27557,35.811094,-78.2079958
566,R1153,24347.375,R1153,R1153DD,"Christ Christian Center Holy Church, Inc.",Green Elementary School,323 East 6th St,Castalia,NC,27856,NASH,323 East 6th St Castalia NC 27856,35.965398,-77.96483
567,R1154,885.6666666666666,R1154,R1154CSF,CSFP - Friends of Chavis,,750 Bright Creek Way,Raleigh,NC,27610,WAKE,750 Bright Creek Way Raleigh NC 27610,35.7711958,-78.6275936
568,R1155,560.8333333333334,R1155,R1155SP,SP - Fuquay Varina Middle,,109 N Ennis St,Fuquay Varina,NC,27526,WAKE,109 N Ennis St Fuquay Varina NC 27526,35.5859805,-78.7932256
569,R1156,29375.993333333332,R1156,R1156FP,Fuquay-Varina Emergency,Food Pantry,216 W Academy St,Fuquay-Varina,NC,27526,WAKE,216 W Academy St Fuquay-Varina NC 27526,35.5844419,-78.8010678
570,R1160,5009.333333333334,R1160,R1160CSF,CSFP -Gethsemane 7th Day,,PO Box 46165,Raleigh,NC,27612,WAKE,PO Box 46165 Raleigh NC 27612,35.7803977,-78.6390989
571,R1161,14277.089444444444,R1161,R1161FP,Gibraltar the Remnant Church ,,809 W Country Club Dr,Tarboro,NC,27886,EDGECOMBE,809 W Country Club Dr Tarboro NC 27886,35.8963078,-77.546604
572,R1162,13831.4625,R1162,R1162FP,Glad Tiding Church Inc,DUMA,323 E Broad St,Dunn,NC,28334,HARNETT,323 E Broad St Dunn NC 28334,35.3070166,-78.6079545
573,R1163,49828.25,R1163,R1163FP,Glad Tidings Gospel Church,,1205 Downing St ,Wilson,NC,27893,WILSON,1205 Downing St  Wilson NC 27893,35.7150738,-77.9253896
574,R1164,1116.047619047619,R1164,R1164FP,Glory Cloud & Fire Ministries,,8800 Hwy 39 S,Zebulon,NC,27597,FRANKLIN,8800 Hwy 39 S Zebulon NC 27597,35.865294,-78.267417
575,R1165,3827.928571428571,R1165,R1165FP,God's Vision Ministries,,315 E River Rd,Louisburg,NC,27549,FRANKLIN,315 E River Rd Louisburg NC 27549,36.091667,-78.276772
576,R1166,36350.0,R1166,R1166FB,Golden Harvest Food Bank,,3310 Commerce Drive,Augusta,GA,30909,FOODBANK,3310 Commerce Drive Augusta GA 30909,33.4502751,-82.0596917
577,R1167,1090.0,R1167,R1167KSM,SFSP - Goldsboro YMCA Preschl,,900 S. Harding Drive,Goldsboro,NC,27534,WAYNE,900 S. Harding Drive Goldsboro NC 27534,35.389142,-77.935209
578,R1168,71442.78833333333,R1168,R1168FP,Good News Buenas Nuevas,International Ministries,2176-D US 70 A Hwy,Pine Level,NC,27568,JOHNSTON,2176-D US 70 A Hwy Pine Level NC 27568,35.511224,-78.25712
580,R1170,28341.278260869563,R1170,R1170FP1,Greater Joy Missionary Baptist,Church,820 Nashville Rd,Rocky Mount,NC,27803,NASH,820 Nashville Rd Rocky Mount NC 27803,35.92911,-77.816614
582,R1175,3329.5,R1175,R1175FP,Grow Our Kids,,103 New Edition Ct,Cary,NC,27511,WAKE,103 New Edition Ct Cary NC 27511,35.7677849,-78.7844476
583,R1177,2829.6666666666665,R1177,R1177OTH,CSFP - Haliwa Saponi Indian,,39021 NC Hwy 561,Halifax,NC,27844,HALIFAX,39021 NC Hwy 561 Halifax NC 27844,36.240645,-77.961245
584,R1178,2534.714285714286,R1178,R1178DV,Harbor Inc,,Confidential,Smithfield,NC,27577,JOHNSTON,Confidential Smithfield NC 27577,35.536543,-78.336001
585,R1179,40577.370833333334,R1179,R1179FP,Harnett Food Pantry,,413 W Old Rd,Lillington,NC,27546,HARNETT,413 W Old Rd Lillington NC 27546,35.393562,-78.8241429
586,R1180,15522.0,R1180,R1180FB,Harvest Hope Food Bank,,PO Box 451,Columbia,SC,29201,FOODBANK,PO Box 451 Columbia SC 29201,34.000754,-81.0352313
587,R1181,2213.5555555555557,R1181,R1181FP1,Harvest Word Ministry,,15199 NC 96,Zebulon,NC,27597,JOHNSTON,15199 NC 96 Zebulon NC 27597,35.8350654,-78.3217361
588,R1182,730.7,R1182,R1182SH,Haven House (Wrenn),Crisis & Homeless Services,908 W Morgan St,Raleigh,NC,27603,WAKE,908 W Morgan St Raleigh NC 27603,35.7811527,-78.6556334
589,R1183,5594.073913043479,R1183,R1183SH1,Healing Transitions,Men's Center,1251 Goode St,Raleigh,NC,27603,WAKE,1251 Goode St Raleigh NC 27603,35.7644135,-78.659328
591,R1184,1517.62,R1184,R1184FP,Healing With CAARE,,3000 Falstaff Rd,Raleigh,NC,27603,WAKE,3000 Falstaff Rd Raleigh NC 27603,35.781303,-78.587164
592,R1185,666.1904761904761,R1185,R1185FP,Hearts For Children Intl,New Light Baptist Church,14705 New Light Rd,Wake Forest,NC,27587,WAKE,14705 New Light Rd Wake Forest NC 27587,36.0183902,-78.6554482
593,R1186,24865.507246376812,R1186,R1186FP1,Heavens Gate Ministry,,9856 Hwy 210,Four Oaks,NC,27524,JOHNSTON,9856 Hwy 210 Four Oaks NC 27524,35.509126,-78.518149
595,R1187,8984.454545454546,R1187,R1187FP,Helping Our People Elevate Inc,,81 Egypt Church Rd,Louisburg,NC,27549,FRANKLIN,81 Egypt Church Rd Louisburg NC 27549,36.056879,-78.297911
596,R1188,571.625,R1188,R1188FP,Highway Restoration Ministries,,740 Vance St,Roanoke Rapids,NC,27870,HALIFAX,740 Vance St Roanoke Rapids NC 27870,36.4626251,-77.6617188
597,R1190,4178.916666666666,R1190,R1190FP,His Daily Bread Community,,214 Park St,Coats,NC,27521,HARNETT,214 Park St Coats NC 27521,35.411753,-78.670828
598,R1191,399.15384615384613,R1191,R1191WPP,WPP - Hodge Road Elementary,,2128 Mingo Bluff Blvd,Knightdale,NC,27545,WAKE,2128 Mingo Bluff Blvd Knightdale NC 27545,35.7753264,-78.522498
599,R1192,10233.42681818182,R1192,R1192AS,Hollister Reach,,64 Knight Rd,Hollister,NC,27844,HALIFAX,64 Knight Rd Hollister NC 27844,36.249564,-77.91119
600,R1193,7975.083333333333,R1193,R1193FP,Holly Springs Food Cupboard,,621 W Holly Springs Rd,Holly Springs,NC,27540,WAKE,621 W Holly Springs Rd Holly Springs NC 27540,35.6555269,-78.8426276
601,R1194,384.75,R1194,R1194KC,KC - Homework Haven,,513 Branch St,Raleigh,NC,27610,WAKE,513 Branch St Raleigh NC 27610,35.7645878,-78.6322021
602,R1195,54339.99708333333,R1195,R1195FP,House of Fordham/Goldsboro,,412 N William St,Goldsboro,NC,27530,WAYNE,412 N William St Goldsboro NC 27530,35.3862941,-77.9917836
604,R1197,11777.91304347826,R1197,R1197FP,Iglesia Bethel,,4191 Beulah Rd,Clinton,NC,28328,SAMPSON,4191 Beulah Rd Clinton NC 28328,34.924453,-78.33249
605,R1198,22070.484166666665,R1198,R1198FP,Iglesia De Dios Pentecostal,,2331 New Bern Ave,Raleigh,NC,27610,WAKE,2331 New Bern Ave Raleigh NC 27610,35.7798599,-78.5997866
606,R1199,26702.150416666667,R1199,R1199FP,Iglesia La Luz Del Evengelio,La Luz del Evangelio,646 Oakwood Ave,Sanford,NC,27330,LEE,646 Oakwood Ave Sanford NC 27330,35.484164,-79.1605399
607,R1200,35169.371250000004,R1200,R1200FP,Iglesia Pentecostal Jesucristo,El Rey de Gloria,1508 Bizzell Grove Church Rd,Selma,NC,27576,JOHNSTON,1508 Bizzell Grove Church Rd Selma NC 27576,35.543197,-78.179605
608,R1201,16103.666666666666,R1201,R1201SK,Immanuel Temple SDA Church,,2102 S Alston Ave,Durham,NC,27701,DURHAM,2102 S Alston Ave Durham NC 27701,35.9607694,-78.8885445
609,R1202,20342.291666666668,R1202,R1202CSF,CSFP - Inborden School,,432 Hannon St,Enfield,NC,27823,HALIFAX,432 Hannon St Enfield NC 27823,36.1719885,-77.6676861
610,R1203,538.0,R1203,R1203DV,Interact,,Confidential,Raleigh,NC,27605,WAKE,Confidential Raleigh NC 27605,35.789601,-78.652475
611,R1204,6693.636948621554,R1204,R1204CSF1,CSFP - Inter-Community Council,,900 Hayne St,Raleigh,NC,27604,WAKE,900 Hayne St Raleigh NC 27604,35.941362,-78.644182
612,R1205,21016.85714285714,R1205,R1205DR,Interfaith Food Shuttle,,1001 Blair Dr,Raleigh,NC,27603,FOODBANK,1001 Blair Dr Raleigh NC 27603,35.7698915,-78.6681627
613,R1206,25719.166666666668,R1206,R1206TF,Internal TEFAP Agency,,1924 Capital Blvd,Raleigh,NC,27604,WAKE,1924 Capital Blvd Raleigh NC 27604,35.8044022,-78.6151915
614,R1208,29896.583333333332,R1208,R1208FP,Jackson Grove Bible Church of God,,66 Sinclair Lake Rd,Newton Grove,NC,28366,SAMPSON,66 Sinclair Lake Rd Newton Grove NC 28366,35.15838,-78.468106
615,R1209,6753.125,R1209,R1209GH,Jacob House/Rachel House,,809 E Mulberry St,Goldsboro,NC,27530,WAYNE,809 E Mulberry St Goldsboro NC 27530,35.3812368,-77.9847497
616,R1210,8985.0,R1210,R1210D,,,,,,,,nan nan nan nan,,
617,R1211,12270.21,R1211,R1211FP,Juniper Level,,9104 Sauls Rd,Raleigh,NC,27603,WAKE,9104 Sauls Rd Raleigh NC 27603,35.6311955,-78.6418855
618,R1212,2232.9444444444443,R1212,R1212FP,Kenly Area Ministries,,212 W 2nd St,Kenly,NC,27542,JOHNSTON,212 W 2nd St Kenly NC 27542,35.5953424,-78.1241515
619,R1214,375.5,R1214,R1214DIS,Kingdom Ministry,,4922 Windy Hill Dr Ste A,Raleigh,NC,27609,WAKE,4922 Windy Hill Dr Ste A Raleigh NC 27609,35.8504782,-78.6076907
620,R1215,7362.521739130435,R1215,R1215FP,Lakeside Lutheran Church ,,2427 Eaton Ferry Rd,Littleton,NC,27850,WARREN,2427 Eaton Ferry Rd Littleton NC 27850,36.532416,-77.941196
621,R1216,505.89473684210526,R1216,R1216OTH,CSFP - Laurel Glen,,115 Clearfield Dr,Roanoke Rapids,NC,,HALIFAX,115 Clearfield Dr Roanoke Rapids NC nan,36.4407683,-77.6317545
622,R1217,3471.5833333333335,R1217,R1217FP,Lifeline Christian Center,,2872 Old Franklin Rd,Spring Hope,NC,27882,NASH,2872 Old Franklin Rd Spring Hope NC 27882,35.983743,-78.108779
623,R1218,18679.67125,R1218,R1218FP,Lifeline Outreach/Henderson,,2014 Raleigh Rd,Henderson,NC,27536,VANCE,2014 Raleigh Rd Henderson NC 27536,36.3214388,-78.4112634
624,R1219,34120.791666666664,R1219,R1219DD,Light House Community Center,"Development Center, Inc.",504 Second St,Spring Hope,NC,27882,NASH,504 Second St Spring Hope NC 27882,35.946697,-78.104918
625,R1220,1003.0,R1220,R1220OTH,,,,,,,,nan nan nan nan,,
626,R1221,41065.375,R1221,R1221FP,Loaves and Fishes Ministries,Warren,538 W Ridgeway St,Warrenton,NC,27589,WARREN,538 W Ridgeway St Warrenton NC 27589,36.4048391,-78.1620883
627,R1222,4074.1666666666665,R1222,R1222FP,London Missionary Baptist,,3386 US Hwy 158,Roanoke Rapids,NC,27870,HALIFAX,3386 US Hwy 158 Roanoke Rapids NC 27870,36.4388478,-77.6581001
628,R1224,2182.425652173913,R1224,R1224FP,Love Wins,,824 N Bloodworth St,Raleigh,NC,27604,WAKE,824 N Bloodworth St Raleigh NC 27604,35.7909539,-78.6322558
629,R1225,45052.125,R1225,R1225FB,Lowcountry Food Bank,,1635 Cosgrove Ave,Charleston,SC,29405,FOODBANK,1635 Cosgrove Ave Charleston SC 29405,32.8374563,-79.9844164
630,R1226,496.9375,R1226,R1226GH1,Lutheran Family Services,,3257 Lake Woodard Dr,Raleigh,NC,27604,WAKE,3257 Lake Woodard Dr Raleigh NC 27604,35.8025116,-78.5874495
631,R1227,203.125,R1227,R1227FP,Macedonia New Life,Church,2004 Rock Quarry Rd,Raleigh,NC,27610,WAKE,2004 Rock Quarry Rd Raleigh NC 27610,35.7535909,-78.6126882
632,R1228,48137.166666666664,R1228,R1228FB,Manna Food Bank,,627 Swannanoa River Rd.,Asheville,NC,28805,FOODBANK,627 Swannanoa River Rd. Asheville NC 28805,35.5772075,-82.4981931
633,R1232,41029.6325,R1232,R1232FP,Milagros y Maravillas de Dios,,711 W Noble St,Selma,NC,27576,JOHNSTON,711 W Noble St Selma NC 27576,35.537295,-78.2915601
634,R1233,5376.604166666667,R1233,R1233FP,Millbrook United Methodist,Church,1712 E Millbrook Rd,Raleigh,NC,27609,WAKE,1712 E Millbrook Rd Raleigh NC 27609,35.8500587,-78.607452
635,R1234,6375.18625,R1234,R1234FP,Ministerios Bethel Inc,,622 Bragg St,Sanford,NC,27330,LEE,622 Bragg St Sanford NC 27330,35.4801566,-79.1582215
636,R1236,2083.3636363636365,R1236,R1236FP,Mission Raleigh of Mt Vernon,,11610 Durant Rd,Raleigh,NC,27615,WAKE,11610 Durant Rd Raleigh NC 27615,35.9116359,-78.6077595
637,R1238,5307.521739130435,R1238,R1238KSM,SFSP - Mt Pleasant Baptist Ch,,,,NC,,SAMPSON,nan nan NC nan,35.6729639,-79.0392919
638,R1240,20348.15,R1240,R1240FP,Mt. Zion Community Church,Warsaw NC Inc,250 Lanefield Rd,Warsaw,NC,28398,DUPLIN,250 Lanefield Rd Warsaw NC 28398,34.996343,-78.075956
640,R1242,3990.0,R1242,R1242FP,My Father's House,,545 Richardson Rd,Enfield,NC,27823,HALIFAX,545 Richardson Rd Enfield NC 27823,36.236316,-77.873599
641,R1244,8677.08695652174,R1244,R1244FP,N.C.A. Philip Randolph Inst.,Mary's Pantry,1408 Hillsborough St,Raleigh,NC,27605,WAKE,1408 Hillsborough St Raleigh NC 27605,35.7840819,-78.6569706
642,R1246,21001.166666666668,R1246,R1246FP1,NC Love In Action (LIA),,238 South Tarboro St,Wilson,NC,27893,WILSON,238 South Tarboro St Wilson NC 27893,35.726916,-77.909396
643,R1247,904.8,R1247,R1247WPP,WPP -NE Wake Backpack Buddies,,203 E Young St,Rolesville,NC,27571,WAKE,203 E Young St Rolesville NC 27571,35.9221955,-78.4562258
644,R1248,1087.6,R1248,R1248SP,SP - Needham Broughton High,,723 St Mary's St,Raleigh,NC,27605,WAKE,723 St Mary's St Raleigh NC 27605,35.818092,-78.580636
645,R1249,2702.75,R1249,R1249FP,Nelson Chapel Baptist Church,Inc,100 Leonard Farm Rd,Louisburg,NC,27549,FRANKLIN,100 Leonard Farm Rd Louisburg NC 27549,36.08092,-78.242206
646,R1250,9175.892857142857,R1250,R1250DR,New Beginnings Deliverance,,4813 Tartts Mill Rd,Wilson,NC,27893,WILSON,4813 Tartts Mill Rd Wilson NC 27893,35.704577,-77.826587
647,R1251,24137.39516304348,R1251,R1251FP,New Bethel Baptist Church,,605 E Young St,Rolesville,NC,27571,WAKE,605 E Young St Rolesville NC 27571,35.9173222,-78.452307
648,R1252,9342.03106060606,R1252,R1252FP,New Bethel Christian Church,,4307 Old Poole Rd,Raleigh,NC,27610,WAKE,4307 Old Poole Rd Raleigh NC 27610,35.765574,-78.568703
649,R1253,21077.78304347826,R1253,R1253FP,New Birth Holiness Church,,409 Dr Donnie Jones Jr Blvd W,Princeton,NC,27569,JOHNSTON,409 Dr Donnie Jones Jr Blvd W Princeton NC 27569,35.92628,-78.513761
650,R1254,412.77777777777777,R1254,R1254FP,New Canaan Covenant Church,,3209-110 Gresham Lake Rd,Raleigh,NC,27615,WAKE,3209-110 Gresham Lake Rd Raleigh NC 27615,35.887113,-78.604361
651,R1255,31505.708333333332,R1255,R1255FP,New Christian Food Pantry &,,111 Douglas St S,Wilson,NC,27893,WILSON,111 Douglas St S Wilson NC 27893,35.7239265,-77.9095618
652,R1257,4222.5,R1257,R1257FP,New Fellowship Ministry,,3115 Crittenden Ln,Holly Springs,NC,27540,WAKE,3115 Crittenden Ln Holly Springs NC 27540,35.6815165,-78.8360608
653,R1258,7906.579583333333,R1258,R1258FP,New Freedom Christian,Fellowship,3540 Maitland Dr Ste 105,Raleigh,NC,27610,WAKE,3540 Maitland Dr Ste 105 Raleigh NC 27610,35.7970128,-78.583981
655,R1259,25522.4445,R1259,R1259DR,New Jerusalem Pentecostal,,,,,,EDGECOMBE,nan nan nan nan,,
656,R1260,11948.417916666667,R1260,R1260FP,New Life Deliverance Ministry,CDC,103 E Main St,Benson,NC,27504,JOHNSTON,103 E Main St Benson NC 27504,35.3808813,-78.5471562
657,R1261,11485.444444444443,R1261,R1261FP,New Life Fellowship Church,,4714 Olivia Rd,Sanford,NC,27332,HARNETT,4714 Olivia Rd Sanford NC 27332,35.357719,-79.127804
658,R1262,15686.833333333334,R1262,R1262FP,New Life Outreach Ministry,,128 Savage St,Franklinton,NC,27525,FRANKLIN,128 Savage St Franklinton NC 27525,36.0981254,-78.4559658
659,R1263,13072.76,R1263,R1263FP,New Providence Missionary,Baptist Church,4813 Hilltop Needmore Rd,Fuquay-Varina,NC,27526,WAKE,4813 Hilltop Needmore Rd Fuquay-Varina NC 27526,35.6317667,-78.7446207
661,R1264,6171.416666666667,R1264,R1264FP,New St Delight United,,693 Suttontown Rd,Mt. Olive,NC,28365,WAYNE,693 Suttontown Rd Mt. Olive NC 28365,35.205196,-78.044452
662,R1265,9091.0,R1265,R1265FP,New Vision Christian Church,,2102 Hobbton Hwy,Clinton,NC,28329,SAMPSON,2102 Hobbton Hwy Clinton NC 28329,35.0319483,-78.3271699
663,R1266,10920.116666666669,R1266,R1266FP,North Carolina Poverty,Coalition Inc,106 S Goldsboro St ,Fremont,NC,27830,WAYNE,106 S Goldsboro St  Fremont NC 27830,35.543672,-77.9750908
665,R1267,11272.5,R1267,R1267FP,North Haven Ministries Inc,,6620 Six Forks Rd,Raleigh,NC,27615,WAKE,6620 Six Forks Rd Raleigh NC 27615,35.8712017,-78.6407859
666,R1268,38376.0,R1268,R1268FB,Northern Illinois Food Bank,,,,IL,,FOODBANK,nan nan IL nan,40.0796606,-89.4337288
667,R1270,3825.25,R1270,R1270FP,Oak Level Christian Church,,2279 Cedar Creek Rd,Youngsville,NC,27596,FRANKLIN,2279 Cedar Creek Rd Youngsville NC 27596,36.034909,-78.454382
668,R1271,628.7619047619048,R1271,R1271OTH,CSFP - Oakland Village,,215 Oak St,Littleton,NC,27850,HALIFAX,215 Oak St Littleton NC 27850,36.4363162,-77.918583
669,R1273,2993.0,R1273,R1273DR,OIC Rocky Mount,,1060 Pinehurst Dr,Rocky Mount,NC,27604,EDGECOMBE,1060 Pinehurst Dr Rocky Mount NC 27604,35.9471377,-77.7736809
670,R1274,34941.125,R1274,R1274FB,Oklahoma City Food Bank,,,,OK,,FOODBANK,nan nan OK nan,34.9550817,-97.2684063
671,R1275,695.3684210526316,R1275,R1275CSF,CSFP - Old Towne Village,,65 Old Towne Rd,Roanoke Rapids,NC,27870,HALIFAX,65 Old Towne Rd Roanoke Rapids NC 27870,36.436418,-77.729416
672,R1276,8966.473684210527,R1276,R1276FP,O'Neal Revival Tabernacle,,500 Richardson Rd,Zebulon,NC,27597,JOHNSTON,500 Richardson Rd Zebulon NC 27597,35.743327,-78.279725
673,R1277,3272.5,R1277,R1277FP,Open Door Baptist Church,,9801 Durant Rd,Raleigh,NC,27614,WAKE,9801 Durant Rd Raleigh NC 27614,35.8999761,-78.5764474
674,R1278,318.25,R1278,R1278FP,Open Door Community Center,,3715 A Airport Blvd,Wilson,NC,27896,WILSON,3715 A Airport Blvd Wilson NC 27896,35.7599434,-77.9531415
675,R1279,1740.0,R1279,R1279FP,Open Door Ministry of Faith,,740 Planters St,Rocky Mount,NC,27801,EDGECOMBE,740 Planters St Rocky Mount NC 27801,35.9287307,-77.7880147
676,R1280,763.0909090909091,R1280,R1280SK,Our Daily Bread/Franklinton,,109 N Main St,Franklinton,NC,27525,FRANKLIN,109 N Main St Franklinton NC 27525,36.1052127,-78.4561735
677,R1281,1279.75,R1281,R1281FP,Our Lady of Perpetual Church,Loaves and Fishes Nash County,328 Hammond St,Rocky Mount,NC,27804,NASH,328 Hammond St Rocky Mount NC 27804,35.9392277,-77.8006936
678,R1282,1506.5238095238096,R1282,R1282SOF,Parkview Manor,Hayes Barton UMC,911 N Blount St,Raleigh,NC,27604,WAKE,911 N Blount St Raleigh NC 27604,35.7914812,-78.6359022
679,R1283,790.952380952381,R1283,R1283CSF,CSFP - Parkview Manor,,2209 Fairview Rd,Raleigh,NC,27608,WAKE,2209 Fairview Rd Raleigh NC 27608,35.8067359,-78.650306
680,R1286,2426.9565217391305,R1286,R1286DD,Pet Distribution,,,Raleigh,NC,27604,WAKE,nan Raleigh NC 27604,35.7803977,-78.6390989
681,R1287,39627.917083333334,R1287,R1287FP,Pete Norris Ministries Inc,Harvest Fellowship Church,126 W Walnut St,Goldsboro,NC,27533,WAYNE,126 W Walnut St Goldsboro NC 27533,35.3831654,-77.997696
682,R1288,24991.189166666667,R1288,R1288FP,Pleasant Grove Missionary,Baptist Church,948 Morphus Bridge Rd,Wendell,NC,27591,WAKE,948 Morphus Bridge Rd Wendell NC 27591,35.780808,-78.350441
683,R1289,792.5,R1289,R1289FP1,Pleasant Union Christian,Church,2164 Neills Creek Rd,Lillington,NC,27546,HARNETT,2164 Neills Creek Rd Lillington NC 27546,35.4388597,-78.7747923
684,R1290,49985.21973484848,R1290,R1290FP,Poplar Springs Christian,Church,6115 Old Stage Rd,Raleigh,NC,27603,WAKE,6115 Old Stage Rd Raleigh NC 27603,35.696061,-78.653074
685,R1291,6436.208333333333,R1291,R1291GH,Potter's Wheel Ministries,,147 Faith Ln,Mt. Olive,NC,28365,DUPLIN,147 Faith Ln Mt. Olive NC 28365,35.072602,-77.919863
686,R1292,1624.1764705882354,R1292,R1292FP,Power of Praise Tabernacle,of Deliverance Ministries Inc,1100 S Market St,Benson,NC,27504,JOHNSTON,1100 S Market St Benson NC 27504,35.3715517,-78.5540386
687,R1294,16715.79851449275,R1294,R1294FP,Progressive Teamwork Outreach,,1300 Mack Todd Rd,Zebulon,NC,27597,WAKE,1300 Mack Todd Rd Zebulon NC 27597,35.8080682,-78.3351355
688,R1295,1013.5238095238096,R1295,R1295SK,Pullen Memorial,,1801 Hillsborough St,Raleigh,NC,27605,WAKE,1801 Hillsborough St Raleigh NC 27605,35.78538,-78.660826
689,R1296,321.45,R1296,R1296OTH,CSFP - Quankey Hill,,161 Pittsylvanie St,Halifax,NC,27839,HALIFAX,161 Pittsylvanie St Halifax NC 27839,36.326515,-77.586771
690,R1297,2558.5555555555557,R1297,R1297OTH,Demonstration Kitchen,,1924 Capital Blvd,Raleigh,NC,27604,WAKE,1924 Capital Blvd Raleigh NC 27604,35.8044022,-78.6151915
691,R1298,563.7142857142857,R1298,R1298FP,Raleigh Church of Christ,,911 Barringer Dr,Raleigh,NC,27606,WAKE,911 Barringer Dr Raleigh NC 27606,35.775499,-78.723314
692,R1299,19677.375,R1299,R1299MFP,Raleigh Dream Center,,4301 Louisburg Rd,Raleigh,NC,27604,WAKE,4301 Louisburg Rd Raleigh NC 27604,35.842029,-78.575945
693,R1300,306.375,R1300,R1300CSF,CSFP - Raleigh Garden Apts.,,6145 St Giles St,Raleigh,NC,27612,WAKE,6145 St Giles St Raleigh NC 27612,35.854313,-78.7062252
694,R1301,249.08333333333337,R1301,R1301GH,"Raleigh Housing Fund, Inc",Emmaus House,10 N East St,Raleigh,NC,27601,WAKE,10 N East St Raleigh NC 27601,35.7806595,-78.6320275
695,R1302,508.6666666666667,R1302,R1302KSM,SFSP - Raleigh PD Camps,,,,NC,,WAKE,nan nan NC nan,35.6729639,-79.0392919
696,R1303,3021.214285714286,R1303,R1303SH,Raleigh Rescue Mission,,314 E Hargett St,Raleigh,NC,27601,WAKE,314 E Hargett St Raleigh NC 27601,35.7780086,-78.6345806
697,R1304,9889.458333333334,R1304,R1304FP,Raleigh Vineyard Christian,,6894 Litchford Rd,Raleigh,NC,27615,WAKE,6894 Litchford Rd Raleigh NC 27615,35.8742953,-78.5960624
698,R1306,763.5,R1306,R1306DC,Rebuilding Broken Places,,2105 N William St,Goldsboro,NC,27530,WAYNE,2105 N William St Goldsboro NC 27530,35.407633,-77.9830463
699,R1307,763.625,R1307,R1307REH,Recovery Connections Community,,3110 County Line Rd,Angier,NC,27501,JOHNSTON,3110 County Line Rd Angier NC 27501,35.482329,-78.650249
700,R1308,38929.57124999999,R1308,R1308FP,Recruiters for Christ Church,Inc,931 Red Hill Church Rd,Dunn,NC,28334,HARNETT,931 Red Hill Church Rd Dunn NC 28334,35.337985,-78.649007
701,R1310,1210.0,R1310,R1310FP1,Refreshing Springs Church,,1040 Hill St,Rocky Mount,NC,27801,EDGECOMBE,1040 Hill St Rocky Mount NC 27801,35.9318311,-77.7839386
702,R1311,13401.791666666666,R1311,R1311FP,Renewal Place,,106 Norwayne Alumni Way,Fremont,NC,27830,WAYNE,106 Norwayne Alumni Way Fremont NC 27830,35.54544,-77.97471
703,R1312,518.6666666666666,R1312,R1312GH,Renu Life,,501 Forest Hill Dr,Goldsboro,NC,27534,WAYNE,501 Forest Hill Dr Goldsboro NC 27534,35.3898687,-77.9492841
704,R1314,1500.1,R1314,R1314SON3,Resources For Seniors - Departure Drive,Adult Care,5124 Departure Dr,Raleigh,NC,27616,WAKE,5124 Departure Dr Raleigh NC 27616,35.8522791,-78.5956718
705,R1315,1851.4815000000003,R1315,R1315FP,Revelation Missionary,Baptist Church,805 E Davie St,Raleigh,NC,27601,WAKE,805 E Davie St Raleigh NC 27601,35.775337,-78.6261665
706,R1316,6668.25,R1316,R1316FP,Revival Deliverance Ctr Inc,All Nations Deliverance,101 E Pinewood St,Roseboro,NC,28382,SAMPSON,101 E Pinewood St Roseboro NC 28382,34.9474964,-78.5080098
707,R1317,264.95,R1317,R1317CSF,CSFP - Rich Park Apartments,,555 Method Rd,Raleigh,NC,27606,WAKE,555 Method Rd Raleigh NC 27606,35.7925704,-78.6935931
708,R1318,10132.583333333334,R1318,R1318FP,Richland Creek Community,Church,3229 Burlington Mills Rd,Wake Forest,NC,27587,WAKE,3229 Burlington Mills Rd Wake Forest NC 27587,35.920139,-78.52198
709,R1319,7283.238095238095,R1319,R1319FP,Riley Hill Baptist Church,,5901 Riley Hill Rd,Wendell,NC,27591,WAKE,5901 Riley Hill Rd Wendell NC 27591,35.856792,-78.415179
710,R1320,801.0952380952381,R1320,R1320OTH,CSFP  River Towne Manor,,200 W Becker Dr,Roanoke Rapids,NC,27870,HALIFAX,200 W Becker Dr Roanoke Rapids NC 27870,36.442991,-77.642199
711,R1322,606.125,R1322,R1322FP,Roanoke Valley Seventh-Day,,1373 Smith Church Rd,Roanoke Rapids,NC,27870,HALIFAX,1373 Smith Church Rd Roanoke Rapids NC 27870,36.4266343,-77.6670287
712,R1323,34498.5,R1323,R1323FP,Rock Ministry Inc,,PO Box 141 ,Garland,NC,28441,SAMPSON,PO Box 141  Garland NC 28441,34.785863,-78.3952895
713,R1325,357.26666666666665,R1325,R1325WPP,WPP - Rogers Lane Elementary,,201 N Rogers Ln,Raleigh,NC,27610,WAKE,201 N Rogers Ln Raleigh NC 27610,35.7781568,-78.5451225
714,R1326,817.5,R1326,R1326SP,SP - Rolesville Middle School,,4700 Burlington Mills Rd,Rolesville,NC,27571,WAKE,4700 Burlington Mills Rd Rolesville NC 27571,35.916306,-78.481429
715,R1327,880.4545454545455,R1327,R1327DV,Safe Space Inc,,Confidential,Confidential,NC,,FRANKLIN,Confidential Confidential NC nan,36.131803,-79.412521
716,R1328,437.25,R1328,R1328KSM,SFSP - Salvation Army B&GC,,316 S Tarboro St,Wilson,NC,27893,WILSON,316 S Tarboro St Wilson NC 27893,35.723665,-77.916101
717,R1330,0.0,R1330,R1330DR,Salvation Army - Goldsboro,,610 N William St,Goldsboro,NC,27530,WAYNE,610 N William St Goldsboro NC 27530,35.3888643,-77.9906949
718,R1331,4412.724999999999,R1331,R1331FP,Salvation Army-Raleigh,,1863 Capital Blvd,Raleigh,NC,27601,WAKE,1863 Capital Blvd Raleigh NC 27601,35.8039483,-78.6182339
719,R1332,17366.80769230769,R1332,R1332FP,Salvation Army-Rocky Mount,,1000 Hunter Hill Road ,Rocky Mount,NC,27804,NASH,1000 Hunter Hill Road  Rocky Mount NC 27804,35.970213,-77.817369
720,R1333,2492.595,R1333,R1333FP,Salvation Army-Smithfield,,306 N Brightleaf Blvd,Smithfield,NC,27577,JOHNSTON,306 N Brightleaf Blvd Smithfield NC 27577,35.511018,-78.3379162
721,R1334,10883.842857142858,R1334,R1334FP,Samaritan's Shelf,West Clayton Church of God,143 Short Johnson Rd,Clayton,NC,27520,JOHNSTON,143 Short Johnson Rd Clayton NC 27520,35.6335313,-78.4921341
722,R1335,26311.0,R1335,R1335DR,Sampson - Disaster Relief,,1924 Capital Blvd,Raleigh,NC,27604,SAMPSON,1924 Capital Blvd Raleigh NC 27604,35.8044022,-78.6151915
723,R1338,765.9090909090909,R1338,R1338FP1,Save the Family Church,Ministries Inc,5740 Aldridge Store Rd,Lagrange,NC,27534,LENOIR,5740 Aldridge Store Rd Lagrange NC 27534,35.391263,-77.916204
724,R1339,3548.913043478261,R1339,R1339OTH,CSFP - Scotland Neck Snr. Cen.,,1403 Church St,Scotland Neck,NC,27874,HALIFAX,1403 Church St Scotland Neck NC 27874,36.1338997,-77.422341
725,R1340,61727.25,R1340,R1340FB,Second Harvest Central Florida,,2008 Brengie Avenue,Orlando,FL,32808,FOODBANK,2008 Brengie Avenue Orlando FL 32808,28.580344,-81.439562
726,R1341,21136.428571428572,R1341,R1341DR,Second Harvest FB of S.E. NC,,406 Deep Creek Rd,Fayetteville,NC,28302,CUMBERLAND,406 Deep Creek Rd Fayetteville NC 28302,35.0412608,-78.8544305
727,R1342,69487.5,R1342,R1342FB,Second Harvest Food Bank of,,,,FL,,FOODBANK,nan nan FL nan,27.7567667,-81.4639835
728,R1344,27883.333333333332,R1344,R1344FB,Second Harvest Metrolina,,500 B Spratt Street,Charlotte,NC,28206,FOODBANK,500 B Spratt Street Charlotte NC 28206,35.2408702,-80.8378908
729,R1346,35500.666666666664,R1346,R1346FB,Second Harvest NE Tenn.,,,,TN,,FOODBANK,nan nan TN nan,35.7730076,-86.2820081
730,R1347,25695.0,R1347,R1347FB,SH Food Bank of South Georgia,,1411 Harbin Circle,Valdosta,GA,31601,FOODBANK,1411 Harbin Circle Valdosta GA 31601,30.8055699,-83.286712
731,R1348,20382.07875,R1348,R1348FP,Shiloh Christian Food Pantry,,211 Durham St,Smithfield,NC,27577-1766,JOHNSTON,211 Durham St Smithfield NC 27577-1766,35.5055787,-78.3360179
733,R1349,4645.6875,R1349,R1349FP,Showers of Blessing Community,Church,9759-B Cleveland Rd,Clayton,NC,27520,JOHNSTON,9759-B Cleveland Rd Clayton NC 27520,35.578624,-78.460593
734,R1353,11799.105263157897,R1353,R1353FP,Spreading Seeds Inc,,3904 Airport Dr NW,Wilson,NC,27896,WILSON,3904 Airport Dr NW Wilson NC 27896,35.766273,-77.965915
735,R1354,5932.090909090909,R1354,R1354FP,St. Andrews Chrisitan Church,,322 Rollingwood Dr,Dudley,NC,27883,WAYNE,322 Rollingwood Dr Dudley NC 27883,35.557549,-77.031489
736,R1355,11412.291666666666,R1355,R1355FP,ST. ANN CATHOLIC CHURCH,FOOD PANTRY (RAMP),4057 US 70 BUS,Clayton,NC,27520,JOHNSTON,4057 US 70 BUS Clayton NC 27520,35.6424298,-78.4519522
737,R1356,2388.425,R1356,R1356FP,St. Anna Freewill Baptist,Church Harvest Ministry,11705 Old Stage Rd,Willow Springs,NC,27592,WAKE,11705 Old Stage Rd Willow Springs NC 27592,35.593469,-78.690445
738,R1358,257.5,R1358,R1358KSM,SFSP - St Hope,,7337 Church Bend Road,Spring Hope,NC,27882,WAKE,7337 Church Bend Road Spring Hope NC 27882,35.9769109,-78.1033761
739,R1359,15010.187391304347,R1359,R1359FP,St. James Missionary Baptist,Church,527 E Thomas St,Rocky Mount,NC,27801,EDGECOMBE,527 E Thomas St Rocky Mount NC 27801,35.9424108,-77.7884303
741,R1360,5312.273809523809,R1360,R1360FP1,St. Mark Church of Christ,,700 W Ash St,Goldsboro,NC,27530,WAYNE,700 W Ash St Goldsboro NC 27530,35.3878,-78.0064
742,R1361,4268.25,R1361,R1361FP,St. Mary A.M.E. Church,Arnetta B Jones Missionary S,600 S Salem St,Apex,NC,27502,WAKE,600 S Salem St Apex NC 27502,35.724475,-78.856192
743,R1362,13948.607391304347,R1362,R1362FP,St. Paul Missionary Baptist,Church,1151 Winstead Ave,Rocky Mount,NC,27804,NASH,1151 Winstead Ave Rocky Mount NC 27804,35.9835466,-77.8390012
744,R1363,21456.125,R1363,R1363FP,Stanley Chapel FWB Church,,687 Stanley Chapel Church Rd,Mount Olive,NC,28365,WAYNE,687 Stanley Chapel Church Rd Mount Olive NC 28365,35.224581,-78.014502
745,R1364,6056.615714285714,R1364,R1364FP,State St. Community Church,Church of God of Prophecy,1200 S State St,Raleigh,NC,27610,WAKE,1200 S State St Raleigh NC 27610,35.764721,-78.624737
746,R1365,3828.7894736842104,R1365,R1365FP,The Stone Chapel,,701 S Main St,Wake Forest,NC,27587,WAKE,701 S Main St Wake Forest NC 27587,35.9725501,-78.5151949
747,R1366,2024.5,R1366,R1366FP,Straightway Temple,,3009 Rosinburg Rd,Zebulon,NC,27597,WAKE,3009 Rosinburg Rd Zebulon NC 27597,35.860344,-78.295077
748,R1367,587.1538461538462,R1367,R1367DC,Sure Promise Chritian Church,,4301 Pearl Rd,Raleigh,NC,27610,WAKE,4301 Pearl Rd Raleigh NC 27610,35.722104,-78.556732
749,R1369,29390.877954545456,R1369,R1369FP,Tar River Baptist Association,,92 NC 56 Hwy E,Louisburg,NC,27549,FRANKLIN,92 NC 56 Hwy E Louisburg NC 27549,36.102478,-78.458983
750,R1370,8938.04347826087,R1370,R1370FP,Temple Emmanuel Gospel Truth,of Apostolic Faith,9 East 8th St,Weldon,NC,27890,HALIFAX,9 East 8th St Weldon NC 27890,36.4220232,-77.599081
751,R1371,10131.5,R1371,R1371DR,Temple of New Beginning,,1867 Neills Creek Rd,Lillington,NC,27546,HARNETT,1867 Neills Creek Rd Lillington NC 27546,35.4355265,-78.7740678
752,R1372,1102.1052631578948,R1372,R1372FP,Temple of Pentecost,,2312 Lake Wheeler Rd,Raleigh,NC,27603,WAKE,2312 Lake Wheeler Rd Raleigh NC 27603,35.7493387,-78.6716835
753,R1376,37422.083333333336,R1376,R1376FP,The Jesus House of Prayer,,350 Brannon Road,Zebulon,NC,27597,FRANKLIN,350 Brannon Road Zebulon NC 27597,35.923611,-78.277816
754,R1377,6011.975416666667,R1377,R1377FP,The Light of Life Ministry,,517 Plaza Cir,Garner,NC,27610,WAKE,517 Plaza Cir Garner NC 27610,35.7041675,-78.6123506
755,R1378,9670.75,R1378,R1378SK,The Original Tabernacle of Prayer,Prayer For All People,1005 S John St,Goldsboro,NC,27530,WAYNE,1005 S John St Goldsboro NC 27530,35.3699123,-78.0007929
756,R1379,30693.463333333333,R1379,R1379FP1,The Point Care Center,,1503 Walnut St,Cary,NC,27511,WAKE,1503 Walnut St Cary NC 27511,35.7653484,-78.7510907
759,R1380,3440.595416666667,R1380,R1380FP1,The Rising Sun Church of Christ,,2021 US Hwy 401 S,Lillington,NC,27546-6817,HARNETT,2021 US Hwy 401 S Lillington NC 27546-6817,35.368068,-78.80834
760,R1381,37809.895,R1381,R1381FP,The Ship Outreach & Comm Cntr,Bread of Life,105 E Lee St,Raleigh,NC,27603,WAKE,105 E Lee St Raleigh NC 27603,35.767223,-78.6383745
761,R1383,112.33333333333331,R1383,R1383SON,The Wright's Center Inc,,513 W Raleigh Rd,Rocky Mount,NC,27803,EDGECOMBE,513 W Raleigh Rd Rocky Mount NC 27803,35.935364,-77.805897
762,R1384,23818.665,R1384,R1384FP,Tri-Area Ministry,,149 East Holding Ave,Wake Forest,NC,27587,WAKE,149 East Holding Ave Wake Forest NC 27587,35.9720918,-78.5133344
763,R1385,1560.4782608695652,R1385,R1385FP,Trinity United Faith Center,,110 S State St,Raleigh,NC,27601,WAKE,110 S State St Raleigh NC 27601,35.7785968,-78.6237027
764,R1386,5279.379166666667,R1386,R1386FP,Truth Foundational Ministries,,312 N Second St,Pinetops,NC,27864,EDGECOMBE,312 N Second St Pinetops NC 27864,35.793655,-77.634678
765,R1388,38695.0,R1388,R1388FB,Community Food Bank of Eastern Oklahoma,,,Tulsa,OK,74106,FOODBANK,nan Tulsa OK 74106,36.1563122,-95.9927516
766,R1389,7060.375,R1389,R1389FP,TWFC Food-4-Life,Word of Faith,296 Buck Swap Rd,Goldsboro,NC,27530,WAYNE,296 Buck Swap Rd Goldsboro NC 27530,35.411884,-78.783666
767,R1390,24968.208333333332,R1390,R1390FP,UMOJA Central SDA Church,,314 Bashford Rd,Raleigh,NC,27606,WAKE,314 Bashford Rd Raleigh NC 27606,35.7823521,-78.7388891
768,R1391,6126.0,R1391,R1391FP,United Community Ministries,,341 McDonald St,Rocky Mount,NC,27802,NASH,341 McDonald St Rocky Mount NC 27802,35.57489,-77.274602
769,R1392,77.0,R1392,R1392KSM1,SFSP-United Fellowship,,402 S. Barnes St,Nashville,NC,27856,NASH,402 S. Barnes St Nashville NC 27856,35.9719368,-77.9708632
770,R1393,2189.3478260869565,R1393,R1393FP,United Solid Rock Faith,Ministries,1020 US Hwy 158 W Business,Warrenton,NC,27589,WARREN,1020 US Hwy 158 W Business Warrenton NC 27589,36.425253,-78.177319
771,R1395,30220.155654761904,R1395,R1395FP,Upper Room Church of God, in Christ,3300 Idlewood Village Dr,Raleigh,NC,27610,WAKE,3300 Idlewood Village Dr Raleigh NC 27610,35.736222,-78.616961
772,R1396,28405.80125,R1396,R1396FP,Urban Ministries of Wake County,,1390 Capital Blvd,Raleigh,NC,27603,WAKE,1390 Capital Blvd Raleigh NC 27603,35.7999671,-78.6343149
773,R1397,2789.1304347826085,R1397,R1397FP,Vaughn's Chapel MB Church,,4966 S Elm City Rd,Elm City,NC,27822,WILSON,4966 S Elm City Rd Elm City NC 27822,35.786465,-77.860688
774,R1398,10789.473684210529,R1398,R1398DD,Victory Faith Church,,791 Hwy 13 S,Goldsboro,NC,27530,WAYNE,791 Hwy 13 S Goldsboro NC 27530,35.344501,-78.027088
775,R1399,724.0909090909091,R1399,R1399FP,Victory Gospel Chapel,Spiritual Growth Center,1118 S East St,Raleigh,NC,27610,WAKE,1118 S East St Raleigh NC 27610,35.7662999,-78.633016
776,R1402,13953.458333333334,R1402,R1402FP,Wake Chapel Church,,3805 Tarheel Club Rd,Raleigh,NC,27604,WAKE,3805 Tarheel Club Rd Raleigh NC 27604,35.828274,-78.517983
777,R1403,586.0,R1403,R1403KSM,SFSP - Wake Co. Public Health,,,,NC,,WAKE,nan nan NC nan,35.6729639,-79.0392919
778,R1404,745.4545454545455,R1404,R1404KSM,SFSP - Wake Co 4-H,,4001 Carya Dr,Raleigh,NC,27610,WAKE,4001 Carya Dr Raleigh NC 27610,35.770082,-78.568455
779,R1405,146.33333333333334,R1405,R1405FP,Wake Technical Institute,,9101 Fayeteville Rd,Raleigh,NC,27603,WAKE,9101 Fayeteville Rd Raleigh NC 27603,35.65126,-78.706862
780,R1406,6063.552500000001,R1406,R1406FP,Wallace Church of God,Food Pantry,1173 Bay Rd,Teachey,NC,28464,DUPLIN,1173 Bay Rd Teachey NC 28464,34.78201,-77.995109
781,R1407,44000.0,R1407,R1407DD,Warren County Direct,,1924 Capital Blvd,Raleigh,NC,27604,WARREN,1924 Capital Blvd Raleigh NC 27604,35.8044022,-78.6151915
782,R1409,883.6842105263158,R1409,R1409GH,Warren Street Group Home,,200 Warren St,Warrenton,NC,27589,WARREN,200 Warren St Warrenton NC 27589,36.40479,-78.15348
783,R1410,8968.238095238095,R1410,R1410FP,Warsaw Baptist Church,,209 E College St,Warsaw,NC,28398,DUPLIN,209 E College St Warsaw NC 28398,35.0004128,-78.0893779
784,R1411,184.9090909090909,R1411,R1411FP,Warsaw United Methodist,,107 W Plank St,Warsaw,NC,28398,DUPLIN,107 W Plank St Warsaw NC 28398,35.000225,-78.091959
785,R1412,16069.833333333334,R1412,R1412DR,Wayne - Disaster Relief,,1924 Capital Blvd,Raleigh,NC,27604,WAYNE,1924 Capital Blvd Raleigh NC 27604,35.8044022,-78.6151915
786,R1414,624.0952380952381,R1414,R1414OTH,CSFP - Weatherstone Springs,,200 Weather Ridge Ln,Cary,NC,27513,WAKE,200 Weather Ridge Ln Cary NC 27513,35.792144,-78.808764
787,R1415,896.0,R1415,R1415FP,Weldon City Schools,,415 County Rd,Weldon,NC,27890,NASH,415 County Rd Weldon NC 27890,36.41333,-77.610524
788,R1416,1950.5652173913045,R1416,R1416FP,Wendell United Methodist,Church,129 N Main St,Wendell,NC,27591,WAKE,129 N Main St Wendell NC 27591,35.7832465,-78.369878
789,R1417,4595.583333333333,R1417,R1417SP,SP - West Johnston H.S. Pantry,,5935 Raleigh Rd,Benson,NC,27504,JOHNSTON,5935 Raleigh Rd Benson NC 27504,35.523074,-78.5382346
790,R1418,16504.142536231884,R1418,R1418FP,Western Wake Crisis Ministry,,1600 Olive Chapel Rd. Suite 408,Apex,NC,27502,WAKE,1600 Olive Chapel Rd. Suite 408 Apex NC 27502,35.7368563,-78.8897646
791,R1419,37717.76375,R1419,R1419FP,White Oak Foundation,,1621 White Oak Church Rd,Apex,NC,27523,WAKE,1621 White Oak Church Rd Apex NC 27523,35.779327,-78.919221
792,R1420,1877.75,R1420,R1420,,,,,,,,nan nan nan nan,,
793,R1421,522.0,R1421,R1421OTH,CSFP - Winter's Haven,,500 E Hargett St,Raleigh,NC,27801,WAKE,500 E Hargett St Raleigh NC 27801,35.777937,-78.632219
794,R1422,55679.833333333336,R1422,R1422FP,With Love From Jesus Ministry,,421 Chapanoke Rd,Raleigh,NC,27603,WAKE,421 Chapanoke Rd Raleigh NC 27603,35.7359833,-78.6446309
795,R1423,10784.391304347826,R1423,R1423FP,Woods Chapel UAFWB Church,,928 E New Hope Rd,Goldsboro,NC,27534,WAYNE,928 E New Hope Rd Goldsboro NC 27534,35.381908,-77.888955
796,R1424,104451.24916666666,R1424,R1424FP,Word of Faith Ministries Food,Program,1288 NC Hwy 11 903 N,Kenansville,NC,28349,DUPLIN,1288 NC Hwy 11 903 N Kenansville NC 28349,34.957555,-77.970156
797,R1425,13155.4275,R1425,R1425FP,Word of God Fellowship,Outreach,3000 Rock Quarry Rd,Raleigh,NC,27610,WAKE,3000 Rock Quarry Rd Raleigh NC 27610,35.747316,-78.597078
798,R1427,5100.875,R1427,R1427FP,Zebulon United Methodist,Church,114 W Sycamore St,Zebulon,NC,27597,WAKE,114 W Sycamore St Zebulon NC 27597,35.8231011,-78.3143042
799,R1428,2245.1363636363635,R1428,R1428FP,Zina Christian Center,,1708 Trawick Rd. Ste 105A,Raleigh,NC,27604,WAKE,1708 Trawick Rd. Ste 105A Raleigh NC 27604,35.79913,-78.5776552
800,R1431,1452.0,R1431,R1431KSM,SFSP- Duplin County Schools,,101 W. Carol MHP Lane,Wallace,NC,28466,DUPLIN,101 W. Carol MHP Lane Wallace NC 28466,34.72574,-77.988215
801,R1432,624.0,R1432,R1432KSM,SFSP- Duplinn County Schools,,110 Plantation Drive,Warsaw,NC,28398,DUPLIN,110 Plantation Drive Warsaw NC 28398,34.902663,-78.118028
802,R1433,742.2,R1433,R1433KSM,SFSP- East Wake Leadership,,948 Morphus Bridge Road,Wendell,NC,27591,WAKE,948 Morphus Bridge Road Wendell NC 27591,35.780808,-78.350441
803,R1434,205.5,R1434,R1434KSM,SFSP- Garden Street Apartments,,1021 Clarke Circle,Sanford,NC,27330,LEE,1021 Clarke Circle Sanford NC 27330,35.461718,-79.175553
804,R1435,874.0,R1435,R1435KSM,SFSP- Garland First Baptist,,227 East Fourth Street,Garland,NC,28441,SAMPSON,227 East Fourth Street Garland NC 28441,34.784338,-78.38975
805,R1437,804.6,R1437,R1437KSM,SFSP- Go Hard Institute,,"4400 Old Poole Rd, Bldg B",Raleigh,NC,27610,WAKE,"4400 Old Poole Rd, Bldg B Raleigh NC 27610",35.763646,-78.566195
806,R1438,164.0,R1438,R1438KSM,SFSP- Just for You,,11440 US HWY 70 W,Clayton,NC,27520,JOHNSTON,11440 US HWY 70 W Clayton NC 27520,35.666619,-78.474239
807,R1440,247.0,R1440,R1440KSM,SFSP- Lexington on the,,4803 N New Hope Rd,Raleigh,NC,27604,WAKE,4803 N New Hope Rd Raleigh NC 27604,35.8479826,-78.5749275
808,R1443,279.5,R1443,R1443KSM,SFSP-Olive Branch Baptist,,326 E Juniper Ave,Wake Forest,NC,27587,WAKE,326 E Juniper Ave Wake Forest NC 27587,35.9843633,-78.5054181
809,R1451,131.5,R1451,R1451KSM,SFSP- YM4C Kids,,3500 Woodmeadow Parkway,Raleigh,NC,27610,WAKE,3500 Woodmeadow Parkway Raleigh NC 27610,35.755208,-78.584507
810,R1462,1098.6,R1462,R1462FP,The Green Chair Project,,1853 Capitol Blvd,Raleigh,NC,27604,WAKE,1853 Capitol Blvd Raleigh NC 27604,35.80605,-78.616532
811,R1464,838.5625,R1464,R1464OTH,CSFP - Lincoln Heights,,34 Lincoln St,Roanoke Rapids,NC,27870,HALIFAX,34 Lincoln St Roanoke Rapids NC 27870,36.451583,-77.679446
812,R1466,2025.0,R1466,R1466FP,Strait Gate Christian Felowship,,933 South Beckford Drive,Henderson,N.C.,27536,FRANKLIN,933 South Beckford Drive Henderson N.C. 27536,36.3325382,-78.4337968
813,R1467,4343.615384615385,R1467,R1467FP,Building Bridges Without Limits,,577 East Franklin Street,Enfield,NC,27823,HALIFAX,577 East Franklin Street Enfield NC 27823,36.1763536,-77.6580093
814,R1468,65043.0,R1468,R1468FB,Mid-Atlantic Regional Co-op,,"6700 Essington Ave, Unit I-9",Philadelphia,PA,19153,WAKE,"6700 Essington Ave, Unit I-9 Philadelphia PA 19153",39.9105823,-75.2219422
815,R1469,223.0,R1469,R1469,,,,,,,,nan nan nan nan,,
816,R1470,10428.0,R1470,R1470FB,Weld Food Bank,,1108 H Street,Greeley,CO,80631,FOODBANK,1108 H Street Greeley CO 80631,40.4437132,-104.6987994
817,R1471,700.0,R1471,R1471FB,Food Bank for Larimer Couty,,5706 Wright Dr,Loveland,CO,80538,FOODBANK,5706 Wright Dr Loveland CO 80538,40.4517689,-104.998931
818,R1472,18258.0,R1472,R1472FB,Care and Share Food Bank,,2605 Preamble Pt,Colorado Springs,CO,80915,FOODBANK,2605 Preamble Pt Colorado Springs CO 80915,38.849797,-104.717043
819,R1473,665.0,R1473,R1473FB,Community Food Share,,650 S Taylor Ave Ste A,Louisville,CO,80027,FOODBANK,650 S Taylor Ave Ste A Louisville CO 80027,39.9597454,-105.1195503
820,R1474,20489.0,R1474,R1474FB,Arkansas Food Bank,,4301 W 65th Street,Little Rock,AR,72209,FOODBANK,4301 W 65th Street Little Rock AR 72209,34.6898677,-92.323806
821,R1476,1071.142857142857,R1476,R1476FP,Builder's Inc.,,14282 NC 42 East,Tarboro,NC,27886,EDGECOMBE,14282 NC 42 East Tarboro NC 27886,35.860596,-77.386264
822,R1477,34466.0,R1477,R1477FB,SH Food Bank of East Central Indiana,,1417 Meridian Street,Anderson,IN,46016,FOODBANK,1417 Meridian Street Anderson IN 46016,40.1019601,-85.6792997
823,R1478,31781.0,R1478,R1478FB,Gleaners Community Food Bank,,2131 Beaufait,Detroit,MI,48207,FOODBANK,2131 Beaufait Detroit MI 48207,42.3542209,-83.0141997
824,R1480,69206.0,R1480,R1480FB,Dare to Care Food Bank Inc,,5803 Fern Valley Road,Louisville,KY,40232,FOODBANK,5803 Fern Valley Road Louisville KY 40232,38.15663,-85.6535328
825,R1481,35296.0,R1481,R1481FB,Second Harvest Food Bank of Central Indiana,,1417 Meridian Street,Anderson,IN,46016,FOODBANK,1417 Meridian Street Anderson IN 46016,40.1019601,-85.6792997
826,R1482,3695.55,R1482,R1482FP,Glory Tabernacle International Ministries,,120 Weathers Street,Youngsville,NC,27596,FRANKLIN,120 Weathers Street Youngsville NC 27596,35.931434,-78.456786
827,R1484,691.4,R1484,R1484SP,SP - Inborden Elementary/Enfield Middle School,,13723 NC HWY 481,Enfield ,NC,27823,HALIFAX,13723 NC HWY 481 Enfield  NC 27823,36.178648,-77.697706
828,R1486,1410.0,R1486,R1486DR,Franklin - Disaster Relief,,1924 Capital Blvd,Raleigh,NC,27604,FRANKLIN,1924 Capital Blvd Raleigh NC 27604,35.8044022,-78.6151915
829,R1487,3118.4285714285716,R1487,R1487FP,J-Jireh Services,,518 Ridgeway Street,Warrenton,NC,27589,WARREN,518 Ridgeway Street Warrenton NC 27589,36.4043985,-78.1616005
830,R1488,6878.2,R1488,R1488DR,Wake County - Disaster Relief,,1924 Capital Blvd.,Raleigh,NC,27604,WAKE,1924 Capital Blvd. Raleigh NC 27604,35.8044022,-78.6151915
831,R1489,22241.0,R1489,R1489DR,Robeson County - Disaster Relief Ral.,,1924 Capital Blvd.,Raleigh,NC,27604,ROBESON,1924 Capital Blvd. Raleigh NC 27604,35.8044022,-78.6151915
832,R1490,475.3333333333333,R1490,R1490SP,SP -Walnut Creek Elementary ,,2600 Sunnybrook Road ,Raleigh ,NC,27610,WAKE,2600 Sunnybrook Road  Raleigh  NC 27610,35.7619533,-78.5830613
833,R1491,410.5,R1491,R1491SP,SP - Athens Drive Magnet High School,,1420 Athens Drive,Raleigh,NC,27606,WAKE,1420 Athens Drive Raleigh NC 27606,35.7680517,-78.7109032
834,R1492,3154.5,R1492,R1492OTH,Rex Hospital,,4420 Lake Boone Trl,Raleigh,NC,27604,WAKE,4420 Lake Boone Trl Raleigh NC 27604,35.8155481,-78.7029583
835,R1493,10779.263157894737,R1493,R1493FP,Our Lady of the Rosary Food Pantry,,947 North Main St,Louisburg,NC,27549,FRANKLIN,947 North Main St Louisburg NC 27549,36.1156421,-78.2947569
836,R1494,7287.29625,R1494,R1494DR,Salavation Army,,316 S Tarboro St,Wilson,NC,27893,WILSON,316 S Tarboro St Wilson NC 27893,35.723665,-77.916101
837,R1503,15000.00142857143,R1503,R1503FP,Solid Rock Ministry International Inc.,,502 Creech Rd,Garner,NC,27529,WAKE,502 Creech Rd Garner NC 27529,35.7160144,-78.6022552
839,R1505,2951.3333333333335,R1505,R1505FP,Christian Life Fellowship Food Pantry,,3209 Gresham Lake Rd Ste 136,Raleigh,NC,27615,WAKE,3209 Gresham Lake Rd Ste 136 Raleigh NC 27615,35.8848681,-78.582277
840,R1506,474.0,R1506,R1506FP,NC Harm Reduction,,4024 Barrett Dr Ste 101,Raleigh,NC,27609,WAKE,4024 Barrett Dr Ste 101 Raleigh NC 27609,35.8300417,-78.6301736
841,R1509,228.0,R1509,R1509FP,Jewish Family Services,,8210 Creedmoor Rd Ste 104,Raleigh,NC,27609,WAKE,8210 Creedmoor Rd Ste 104 Raleigh NC 27609,35.8986408,-78.680604
842,R1510,3543.5,R1510,R1510FP,North Raleigh Ministries,,9650 Strickland Rd Ste 175,Raleigh,NC,27615,WAKE,9650 Strickland Rd Ste 175 Raleigh NC 27615,35.9035435,-78.6560644
843,R1511,3446.6666666666665,R1511,R1511FP,Princeton United Methodist Food Pantry,,101 E 1st St,Princeton,NC,27569,JOHNSTON,101 E 1st St Princeton NC 27569,35.464647,-78.159957
844,R1512,279213.5,R1512,R1512FP,Three In One Family Center,,700 Stevens Mill Rd,Goldsboro,NC,27530,WAYNE,700 Stevens Mill Rd Goldsboro NC 27530,35.3905496,-78.0303404
846,R1513,2734.5,R1513,R1513FP,Feed the Pack,,2200 Hillsborough St.,Raleigh,NC,27607,WAKE,2200 Hillsborough St. Raleigh NC 27607,35.786771,-78.66414
847,R1514,5222.5,R1514,R1514FP,REACH Our Communities-Cathedral of Love Ministries,,PO Box 754,Pine Level,NC,27568,NASH,PO Box 754 Pine Level NC 27568,35.5122519,-78.2445838
849,S1000,662.25,S1000,S1000KSM,SFSP - Aberdeen Recreation,,301 Lake Park Crossing,Aberdeen,NC,28315,MOORE,301 Lake Park Crossing Aberdeen NC 28315,35.1356397,-79.428365
850,S1005,27601.555555555555,S1005,S1005DD,Avery's Chapel Church,,1110 Loop Rd,Raeford,NC,28376,HOKE,1110 Loop Rd Raeford NC 28376,35.038161,-79.39094
852,S1006,17740.24666666667,S1006,S1006DR,Beavers Creek Church,,2280 Nicholson Rd,Cameron,NC,28326,LEE,2280 Nicholson Rd Cameron NC 28326,35.345734,-79.198043
853,S1007,8138.478636363637,S1007,S1007FP,Bethesda Presbyterian Church,,1002 N Sandhills Blvd,Aberdeen,NC,28315,MOORE,1002 N Sandhills Blvd Aberdeen NC 28315,35.1444548,-79.4220176
854,S1008,871.8636363636364,S1008,S1008GH,"Bethesda, Inc",,204 N Pine St,Aberdeen,NC,28315,MOORE,204 N Pine St Aberdeen NC 28315,35.1319324,-79.424587
855,S1009,45109.191666666666,S1009,S1009FP,Blue Angel Outreach,Word of Truth Center,5 American Legion Ln,Pinehurst,NC,28374,MOORE,5 American Legion Ln Pinehurst NC 28374,35.174414,-79.469915
857,S1010,3298.285714285714,S1010,S1010CA,CKC - BGC Sandhills Aberdeen,,503 North Sandhills Boulevard,Aberdeen,NC,28388,MOORE,503 North Sandhills Boulevard Aberdeen NC 28388,35.1383501,-79.4259507
858,S1011,660.4,S1011,S1011KC,KC - Boys & Girls Club Sanford,,200 Church St,Sanford,NC,27331,LEE,200 Church St Sanford NC 27331,35.472246,-79.183827
859,S1012,3174.4117647058824,S1012,S1012DR,We Care Center,,5128 Hwy 705,Robbins,NC,27325,MOORE,5128 Hwy 705 Robbins NC 27325,35.450742,-79.597712
860,S1013,2491.1666666666665,S1013,S1013GH1,Cameron Boys Camp,Baptist Children's Home of NC,255 Cameron Camp Rd,Cameron,NC,28326,MOORE,255 Cameron Camp Rd Cameron NC 28326,35.285136,-79.223249
862,S1014,12996.6275,S1014,S1014FP,Carthage United Methodist,Church,108 Bruce St,Carthage,NC,28327,MOORE,108 Bruce St Carthage NC 28327,35.3408381,-79.4068469
864,S1015,8897.868333333334,S1015,S1015FP,Christ Memorial Church,,1110 E Washington St,Rockingham,NC,28379,RICHMOND,1110 E Washington St Rockingham NC 28379,34.9413096,-79.7591357
866,S1016,3032.2083333333335,S1016,S1016FP,Christian Mission Center,of Moore County,703 Monroe St,Carthage,NC,28327,MOORE,703 Monroe St Carthage NC 28327,35.3413795,-79.4080353
867,S1017,20745.418405797103,S1017,S1017FP,Church Community Services,of Scotland County,108 Gill St,Laurinburg,NC,28352,SCOTLAND,108 Gill St Laurinburg NC 28352,34.7777976,-79.4629354
868,S1018,7924.866666666667,S1018,S1018WPP,WPP - BackPack Pals Sandhills,,195 Sandy Ave,Southern Pines,NC,28387,MOORE,195 Sandy Ave Southern Pines NC 28387,35.1580681,-79.416514
869,S1019,1372.888888888889,S1019,S1019SK,You Can Learn Center,Gospel Lighthouse,552 Green Lake Rd,Rockingham,NC,28379,RICHMOND,552 Green Lake Rd Rockingham NC 28379,35.015584,-79.725165
870,S1020,1293.8333333333333,S1020,S1020FP,Church God of Prophecy- Norman,,243 Capel Mill Rd,Norman,NC,28367,RICHMOND,243 Capel Mill Rd Norman NC 28367,35.1632111,-79.735775
871,S1022,1612.7272727272727,S1022,S1022DR,Community Baptist Church,,9161 Tartan Rd,Laurinburg,NC,28352,SCOTLAND,9161 Tartan Rd Laurinburg NC 28352,34.703901,-79.520686
872,S1024,19191.0,S1024,S1024DD,DD - Sanford Housing Authority,,1000 Carthage St,Sanford,NC,27330,LEE,1000 Carthage St Sanford NC 27330,35.472896,-79.188088
873,S1025,16757.666666666668,S1025,S1025DD,Direct Distr. -- Lee County,,3808 Tarheel Dr,Raleigh,NC,27609,LEE,3808 Tarheel Dr Raleigh NC 27609,35.8314857,-78.60725
874,S1026,5860.833333333333,S1026,S1026OTH,Direct Distr. -- Moore County,,195 Sandy Ave,Aberdeen,NC,28387,MOORE,195 Sandy Ave Aberdeen NC 28387,35.15803,-79.416472
875,S1027,6253.0,S1027,S1027OTH,Direct Distr. -- Richmond Cty.,,195 Sandy Ave,Southern Pines,NC,28387,RICHMOND,195 Sandy Ave Southern Pines NC 28387,35.1580681,-79.416514
876,S1028,8926.666666666666,S1028,S1028OTH,Direct Distr. -- Scotland Cty.,,195 Sandy Ave,Southern Pines,NC,28387,SCOTLAND,195 Sandy Ave Southern Pines NC 28387,35.1580681,-79.416514
877,S1029,-1386.0,S1029,S1029DR,Disaster Relief,,1901 Andrew Jackson Hwy,Laurel Hill,NC,28351,SCOTLAND,1901 Andrew Jackson Hwy Laurel Hill NC 28351,34.8139841,-79.5654146
878,S1031,648.3333333333334,S1031,S1031FP,Eagle Springs Baptist Church,,460 Eagle Springs Rd,Eagle Springs,NC,27242,MOORE,460 Eagle Springs Rd Eagle Springs NC 27242,35.2907216,-79.6468755
879,S1032,5844.485507246377,S1032,S1032FP,Faith Assembly Church,,148 Daniels St,Hamlet,NC,28345,RICHMOND,148 Daniels St Hamlet NC 28345,34.903597,-79.693362
880,S1033,2149.875,S1033,S1033FP,Faith on Fire Deliverance,,235 Ester Rd,West End,NC,27376,MOORE,235 Ester Rd West End NC 27376,35.240268,-79.468201
881,S1034,96.83333333333331,S1034,S1034SH,Family Promise of Moore County,,400 Saunders Blvd,Aberdeen,NC,28315,MOORE,400 Saunders Blvd Aberdeen NC 28315,35.156944,-79.403388
882,S1035,2123.4666666666667,S1035,S1035AS,First Missionary Baptist,,315 S Gaines St,Southern Pines,NC,28387,MOORE,315 S Gaines St Southern Pines NC 28387,35.1817423,-79.4035999
883,S1036,652.7777777777778,S1036,S1036FP,First Presbyterian Church,,200 Rice St,Hamlet,NC,28345,RICHMOND,200 Rice St Hamlet NC 28345,34.887176,-79.703182
884,S1037,403.0,S1037,S1037FP,First United Methodist Church,,101 W Church St,Laurinburg,NC,28352,SCOTLAND,101 W Church St Laurinburg NC 28352,34.774133,-79.462981
885,S1038,135.0,S1038,S1038OTH,FirstHealth Hospice,,251 Camp Ground Rd,West End,NC,28374,MOORE,251 Camp Ground Rd West End NC 28374,34.981252,-79.05726
886,S1039,605.8,S1039,S1039FP,Foundation of Jesus Christ,,4409 Main St,Ellerbe,NC,28338,RICHMOND,4409 Main St Ellerbe NC 28338,35.0749441,-79.7616145
887,S1040,417.25,S1040,S1040DV,Friend to Friend,,CONFIDENTIAL,,NC,,MOORE,CONFIDENTIAL nan NC nan,36.131803,-79.412521
888,S1041,4590.142857142857,S1041,S1041FP,Friendship One Accord,,16221 Zion Rd,Marston,NC,28353,SCOTLAND,16221 Zion Rd Marston NC 28353,34.925531,-79.447838
889,S1042,5044.714285714285,S1042,S1042FP,Greater Diggs AME Zion Church,,1258 Old Cheraw Hwy,Rockingham,NC,28379,RICHMOND,1258 Old Cheraw Hwy Rockingham NC 28379,34.9220581,-79.7874913
890,S1044,28954.955,S1044,S1044FP,Helping Hands of Hamlet,,609 Cheraw Rd,Hamlet,NC,28345,RICHMOND,609 Cheraw Rd Hamlet NC 28345,34.8808074,-79.7223752
892,S1045,1884.0833333333333,S1045,S1045FP,High Falls United Methodist,Church,324 Frieson Rd,Highfalls,NC,27259,MOORE,324 Frieson Rd Highfalls NC 27259,35.480841,-79.517885
893,S1046,236.75,S1046,S1046KSM,SFSP - Hoffman Enrichment,,106 Thompson Street,Hoffman,NC,28347,RICHMOND,106 Thompson Street Hoffman NC 28347,35.0275427,-79.5492063
894,S1048,546.5,S1048,S1048FP,Jerusalem United Methodist,,1661 Jerusalem Rd,Laurinburg,NC,28352,SCOTLAND,1661 Jerusalem Rd Laurinburg NC 28352,34.703089,-79.465504
895,S1049,4300.706666666666,S1049,S1049FP,Jesus Is Justice Mission Inc,,469 Mills Rd,East Rockingham,NC,28379,RICHMOND,469 Mills Rd East Rockingham NC 28379,35.276081,-78.115269
896,S1050,31375.98055555556,S1050,S1050FP,King's Gate International,,161 Sierra Ave,Hamlet,NC,28345,RICHMOND,161 Sierra Ave Hamlet NC 28345,34.910811,-79.718838
897,S1051,28422.2625,S1051,S1051FP,Laurinburg Hope in Christ,Ministry,11141 Turnpike Rd,Laurinburg,NC,28352,SCOTLAND,11141 Turnpike Rd Laurinburg NC 28352,34.737147,-79.498935
898,S1052,8634.05,S1052,S1052DR,Leak Street,,1004 Leak St,Rockingham,NC,28379,RICHMOND,1004 Leak St Rockingham NC 28379,34.939092,-79.760457
899,S1053,1248.0,S1053,S1053GH,Linden Lodge Foundation Inc,,2251 Linden Rd,Aberdeen,NC,28374,MOORE,2251 Linden Rd Aberdeen NC 28374,35.193312,-79.486092
900,S1055,33218.43240196079,S1055,S1055FP,Mineral Springs Improvement,"Council, Inc",122 Railroad St,Ellerbe,NC,28388,RICHMOND,122 Railroad St Ellerbe NC 28388,35.0669297,-79.760323
901,S1056,2938.5555555555557,S1056,S1056FP,Mission Ministries,,1200 S Caledonia Rd,Laurinburg,NC,28352,SCOTLAND,1200 S Caledonia Rd Laurinburg NC 28352,34.760738,-79.458914
902,S1057,4062.033389636679,S1057,S1057GH10,Monarch- Pence Place,,295 Airport Rd,Rockingham,NC,28379,RICHMOND,295 Airport Rd Rockingham NC 28379,34.89987,-79.761165
910,S1058,8215.375,S1058,S1058FP,Montgomery Churches in Action,Biscoe Food Pantry,203 Church St,Biscoe,NC,27209,MONTGOMERY,203 Church St Biscoe NC 27209,35.3587506,-79.7787462
911,S1059,3464.6521739130435,S1059,S1059FP,Mt. Zion UCC/Rockingham,,986 Ledbetter Rd,Rockingham,NC,28379,RICHMOND,986 Ledbetter Rd Rockingham NC 28379,35.011833,-79.6726
912,S1060,51210.259090909094,S1060,S1060CSFP,CSFP - New Covenant Chr. Cen,,10061 Hunt Rd,Laurel Hill,NC,28351,SCOTLAND,10061 Hunt Rd Laurel Hill NC 28351,34.876441,-79.538879
913,S1061,644.4,S1061,S1061DV,New Horizons,,Confidential,Hamlet,NC,,RICHMOND,Confidential Hamlet NC nan,36.131803,-79.412521
914,S1063,4763.869565217391,S1063,S1063FP,New Zion Ame Zion Church,,4967 Hwy 705,Robbins,NC,27325,MOORE,4967 Hwy 705 Robbins NC 27325,35.454261,-79.603404
915,S1064,497.0,S1064,S1064SEA,Occoneechee Council,,4637 Old Carthage Rd,Carthage,NC,28327,MOORE,4637 Old Carthage Rd Carthage NC 28327,35.352009,-79.573871
916,S1065,24688.629166666666,S1065,S1065FP1,Our Daily Bread Christian Food,Ministry,108 S Randolph St,Rockingham,NC,28379,RICHMOND,108 S Randolph St Rockingham NC 28379,34.9394413,-79.7711376
918,S1066,2448.015,S1066,S1066FP,Outreach for Jesus,,440 Battley Dairy Rd,Hamlet,NC,28345,RICHMOND,440 Battley Dairy Rd Hamlet NC 28345,34.876044,-79.7415877
919,S1067,8367.875,S1067,S1067DR1,Page Soup Kitchen,,1045 Poplar St,Aberdeen,NC,28315,MOORE,1045 Poplar St Aberdeen NC 28315,35.143784,-79.4192155
920,S1068,3024.0833333333335,S1068,S1068FP,Pinebluff United Methodist Church,and Pinebluff Lions Club,165 W Philadephia Ave,Pinebluff,NC,28373,MOORE,165 W Philadephia Ave Pinebluff NC 28373,35.100733,-79.466296
921,S1069,515.6666666666666,S1069,S1069GH,Port Human Services,,204 N Pine St,Aberdeen,NC,28315,MOORE,204 N Pine St Aberdeen NC 28315,35.1319324,-79.424587
922,S1070,16097.69625,S1070,S1070FP,Prayer and Faith Temple Church,Community Food Pantry,217 Lackey St,Hamlet,NC,28345,RICHMOND,217 Lackey St Hamlet NC 28345,34.8811066,-79.702906
923,S1071,4725.166666666667,S1071,S1071SEA,Project In As Much,,106 Johns Rd,Laurinburg,Nc,28352,SCOTLAND,106 Johns Rd Laurinburg Nc 28352,34.7637998,-79.4673375
924,S1072,23605.49375,S1072,S1072FP,Restoring Hope Center,,507 Warren St,Laurinburg,NC,28352,SCOTLAND,507 Warren St Laurinburg NC 28352,34.789214,-79.450026
926,S1073,2550.2379166666665,S1073,S1073FP,Right Start,,516 Union Church Rd,Carthage,NC,28327,MOORE,516 Union Church Rd Carthage NC 28327,35.3434532,-79.3794087
927,S1074,7599.079166666666,S1074,S1074FP,Robbins Area Christian,Ministries,120 S Middleton St,Robbins,NC,27325,MOORE,120 S Middleton St Robbins NC 27325,35.4336099,-79.5871681
928,S1075,15251.642083333332,S1075,S1075AS,Partners In Ministry,After-School Program,12th 3rd Street,Laurinburg,NC,28352,SCOTLAND,12th 3rd Street Laurinburg NC 28352,34.770601,-79.452226
929,S1076,574.4166666666667,S1076,S1076FP1,Rockingham Spanish SDA Church,,408 Franklin Dr,Rockingham,NC,28379,RICHMOND,408 Franklin Dr Rockingham NC 28379,36.5142324,-79.7711778
930,S1077,3796.75,S1077,S1077DV,S.A.F.E. of Harnett County,,Confidential,,NC,,HARNETT,Confidential nan NC nan,36.131803,-79.412521
931,S1078,5989.738511904762,S1078,S1078FP,Salvation Army of Lee County,,507 N Steele St,Sanford,NC,27330,LEE,507 N Steele St Sanford NC 27330,35.4858387,-79.1835788
933,S1079,2667.25,S1079,S1079FP,Sandhills Moore Coalition,for Human Care Inc,1500 W Indiana Ave,Southern Pines,NC,28387,MOORE,1500 W Indiana Ave Southern Pines NC 28387,35.186566,-79.409659
934,S1080,1986.9855072463768,S1080,S1080DC1,Sandhills Children's Center,,1280 Central Dr,Southern Pines,NC,28387,MOORE,1280 Central Dr Southern Pines NC 28387,35.210123,-79.3923108
936,S1081,7834.25,S1081,S1081FP,Sandhills Community Action,,602 Rockingham Rd,Rockingham,NC,28379,RICHMOND,602 Rockingham Rd Rockingham NC 28379,34.9372537,-79.7673463
937,S1082,3710.415833333334,S1082,S1082FP,Sandhills UCC,,321 Keyser St,Aberdeen,NC,28315,MOORE,321 Keyser St Aberdeen NC 28315,35.1257743,-79.4230446
938,S1086,760.2105263157895,S1086,S1086SOF,SNAK PAK PALS,Meals on Wheels Sandhills,"1975 Juniper Lake Road, Unit A1",West End,NC,27376,MOORE,"1975 Juniper Lake Road, Unit A1 West End NC 27376",35.2138555,-79.5090981
940,S1087,3008.4462499999995,S1087,S1087FP,Southern Mission Ministries,,267 Blues Bridge Rd,Hoffman,NC,28347,RICHMOND,267 Blues Bridge Rd Hoffman NC 28347,35.0300106,-79.5363184
941,S1088,4034.8333333333335,S1088,S1088FP,Southern Pines UMC,,175 Midland Rd,Southern Pines,NC,28387,MOORE,175 Midland Rd Southern Pines NC 28387,35.1975583,-79.4148913
942,S1090,1320.75,S1090,S1090FP,St. Anthony's  Catholic Church,We Care,320 N. Ashe Street,Southern Pines,NC,28387,MOORE,320 N. Ashe Street Southern Pines NC 28387,35.1744786,-79.3880457
943,S1091,6563.174603174603,S1091,S1091FP,St. John's Emergency Food,& Shelter Program,7700 Hwy 79 ,Gibson,NC,28343,SCOTLAND,7700 Hwy 79  Gibson NC 28343,34.765404,-79.574269
944,S1092,7749.968181818182,S1092,S1092FP,Saint Luke United Methodist,Church,1501 Turnpike Rd,Laurinburg,NC,28352,SCOTLAND,1501 Turnpike Rd Laurinburg NC 28352,34.737147,-79.498935
945,S1093,2158.25,S1093,S1093FP,St. Paul Lutheran,,311 Marlboro St,Hamlet,NC,28345,RICHMOND,311 Marlboro St Hamlet NC 28345,34.8916488,-79.7034397
946,S1094,-554.0,S1094,S1094KSM,SFSP -  Northview Harvest Min,,,,NC,,WAKE,nan nan NC nan,35.6729639,-79.0392919
947,S1095,37273.34625,S1095,S1095FP,Tabernacle Full Gospel,,328 Airport Rd,Rockingham,NC,28379,RICHMOND,328 Airport Rd Rockingham NC 28379,34.89987,-79.761165
948,S1096,1119.857142857143,S1096,S1096FP,The Worship Center,,150 Eastman Rd #1A,Southern Pines,NC,28387,MOORE,150 Eastman Rd #1A Southern Pines NC 28387,35.190766,-79.408318
949,S1097,2850.095238095238,S1097,S1097FP,Unionville Missionary Baptist,Church,19400 Blakley Rd,Laurinburg,NC,28352,SCOTLAND,19400 Blakley Rd Laurinburg NC 28352,34.827359,-79.39421
950,S1098,326.0,S1098,S1098SCH1,Village Chapel Church,,1981 Union Church Rd,Cameron,NC,28326,MOORE,1981 Union Church Rd Cameron NC 28326,35.315767,-79.347299
951,S1100,2282.9166666666665,S1100,S1100FP,Wesleyan Methodist Church,,3119 Brenda Ln,Spies,NC,27325,MOORE,3119 Brenda Ln Spies NC 27325,35.424151,-79.68395
952,S1101,12833.484583333331,S1101,S1101FP,West End United Methodist,Church Food Pantry,4015 NC Hwy 73,West End,NC,27376,MOORE,4015 NC Hwy 73 West End NC 27376,35.240462,-79.564699
953,S1106,890.5,S1106,S1106KSM,SFSP-Nothern Moore Family,,116 Horner Street,Robbins,NC,27325,MOORE,116 Horner Street Robbins NC 27325,35.4338131,-79.5864448
954,S1111,34423.0,S1111,S1111DR,Scotland County - Disaster Direct Distribution,,195 Sandy Ave,Southern Pines,NC,28387,SCOTLAND,195 Sandy Ave Southern Pines NC 28387,35.1580681,-79.416514
955,S1113,6569.066666666667,S1113,S1113FP,Vass Community Food Pantry,,3450 US Business Hwy 1,Vass,NC,28394,MOORE,3450 US Business Hwy 1 Vass NC 28394,35.256866,-79.283022
957,S1114,468.0,S1114,S1114SP,Central Carolina Community College ,,1105 Kelly Dr Wilkinson Building,Sanford,NC,27330,LEE,1105 Kelly Dr Wilkinson Building Sanford NC 27330,35.488052,-79.20353
958,S1115,1263.0,S1115,S1115SH1,Outreach Mission Inc. Men's Shelter,,705 Chatham St,Sanford,NC,27330,LEE,705 Chatham St Sanford NC 27330,35.4741125,-79.1709744
960,S1116,78092.71428571429,S1116,S1116FP,Place of Grace,,252 School St,Rockingham,NC,28379,RICHMOND,252 School St Rockingham NC 28379,34.9168137,-79.7656229
961,S1117,7200.0,S1117,S1117DV,"Haven in Lee County, Inc. ",,confidential,,,,LEE,confidential nan nan nan,33.9465108,-118.3908565
962,W1000,8492.666666666666,W1000,W1000DR,BATH,,2237 Castle Hayne Rd,Wilmington,NC,28401,NEWHANOVER,2237 Castle Hayne Rd Wilmington NC 28401,34.2584012,-77.9393122
963,W1001,5831.125,W1001,W1001FP,Believers Home Fellowship,,212 Faith Cir,Tabor City,NC,28463,COLUMBUS,212 Faith Cir Tabor City NC 28463,34.268285,-77.81009
964,W1003,8186.053333333333,W1003,W1003FP,Bogue Community Citizens,Association,1036 Jockey Rd,Hallsboro,NC,28442,COLUMBUS,1036 Jockey Rd Hallsboro NC 28442,34.312939,-78.609136
965,W1004,8048.958333333334,W1004,W1004SOF1,Bread for Life ,Saint Mark Catholic Church,108 N Kerr Ave Suite K1,Wilmington,NC,28405,NEWHANOVER,108 N Kerr Ave Suite K1 Wilmington NC 28405,34.2441764,-77.8884381
967,W1005,1683.2100840336134,W1005,W1005AS1,Brigade Boys and Girl's Club,,2759 Vance St,Wilmington,NC,28412,NEWHANOVER,2759 Vance St Wilmington NC 28412,34.1884995,-77.9402328
968,W1007,50881.71666666667,W1007,W1007FP1,Brunswick Family Assistance,,929 Old Ocean Hwy,Bolivia,NC,28422,BRUNSWICK,929 Old Ocean Hwy Bolivia NC 28422,34.064441,-78.150684
970,W1008,18187.666666666664,W1008,W1008FP,Brunswick Islands Baptist Church ,Church,1672 Mt Pisgah Rd,Supply,NC,28462,BRUNSWICK,1672 Mt Pisgah Rd Supply NC 28462,33.951723,-78.310809
971,W1009,1454.767857142857,W1009,W1009SOF1,Brunswick Senior Resources,Inc,3620 Express Dr,Shallotte,NC,28459,BRUNSWICK,3620 Express Dr Shallotte NC 28459,34.195478,-77.928737
973,W1010,50503.58333333333,W1010,W1010FP1,Gateway Community Church,,416 W Bridger St,Burgaw,NC,28425,PENDER,416 W Bridger St Burgaw NC 28425,33.977894,-78.388958
974,W1012,1940.469696969697,W1012,W1012DR,Cape Fear Christian Church,,811 N College Rd,Wilmington,NC,28405,NEWHANOVER,811 N College Rd Wilmington NC 28405,34.2592561,-77.8705261
975,W1013,5190.0192307692305,W1013,W1013SP,Wesleyan Chapel UMC,,10255 US Hwy 17,Wilmington,NC,28411,PENDER,10255 US Hwy 17 Wilmington NC 28411,34.2662089,-77.8250092
976,W1014,623.0,W1014,W1014WPP,WPP-Cape Fear Middle School,,1886 NC Hwy 133,Rocky Point,NC,28457,PENDER,1886 NC Hwy 133 Rocky Point NC 28457,34.401779,-77.916373
977,W1016,3913.595238095238,W1016,W1016FP,Catholic Charities,,4280 US Highway 421 N. Suite 110,Wilmington,NC,28401,NEWHANOVER,4280 US Highway 421 N. Suite 110 Wilmington NC 28401,34.313098,-77.986019
978,W1019,200.5,W1019,W1019SH,Coastal Horizons,,615 Shipyard Blvd,Wilmington,NC,28412,NEWHANOVER,615 Shipyard Blvd Wilmington NC 28412,34.1917297,-77.9318664
979,W1020,1038.111111111111,W1020,W1020AS1,Communities in Schools of Cape Fear,Fear,500 S Wright St ,Burgaw,NC,28425,PENDER,500 S Wright St  Burgaw NC 28425,34.546539,-77.9249239
983,W1021,6166.409090909091,W1021,W1021AS,Boys & Girls Clubs of Southeastern NC ,,901 Nixon St,Wilmington,NC,28401,NEWHANOVER,901 Nixon St Wilmington NC 28401,34.249711,-77.939519
984,W1022,23978.124401913876,W1022,W1022FP,Countywide CDC,,1183 Old Mill Rd,Navassa,NC,28451,BRUNSWICK,1183 Old Mill Rd Navassa NC 28451,34.2564965,-78.0269178
985,W1023,1261.0416666666667,W1023,W1023OTH,CSFP - Matthew 25,,7957 Market St,Wilmington,NC,28411,NEWHANOVER,7957 Market St Wilmington NC 28411,34.2671158,-77.8240909
986,W1024,39934.9,W1024,W1024DD,Direct Dist. -- Brunswick,,1314 Marstellar St,Wilmington,NC,28402,BRUNSWICK,1314 Marstellar St Wilmington NC 28402,34.2214743,-77.9301963
987,W1025,44523.624242424245,W1025,W1025DD,Direct Dist. -- New Hanover,,1314 Marstellar St,Wilmington,NC,28402,NEWHANOVER,1314 Marstellar St Wilmington NC 28402,34.2214743,-77.9301963
988,W1026,33296.0,W1026,W1026DD,Direct Distr. -- Columbus,,1314 Marstellar St,Wilmington,NC,28402,COLUMBUS,1314 Marstellar St Wilmington NC 28402,34.2214743,-77.9301963
989,W1027,27592.07692307692,W1027,W1027DD,Direct Distr. -- Pender,,1314 Marstellar St,Wilmington,NC,28402,PENDER,1314 Marstellar St Wilmington NC 28402,34.2214743,-77.9301963
990,W1028,1296.0555555555557,W1028,W1028AS,Easter Seals UCP NC & VA,,4827 Randall Pkwy,Wilmington,NC,28403,NEWHANOVER,4827 Randall Pkwy Wilmington NC 28403,34.2323928,-77.8828699
991,W1029,56355.02208333334,W1029,W1029FP,Facts of Life Church ,Living God Pillar Ground & Tru,24678 Peacock Rd,Tabor City,NC,28463,COLUMBUS,24678 Peacock Rd Tabor City NC 28463,34.112382,-78.806318
993,W1030,1637.6666666666667,W1030,W1030DC,Farmers Union Developmental Daycare,,905 Farmers Union Rd,Clarkton,NC,28433,COLUMBUS,905 Farmers Union Rd Clarkton NC 28433,34.412279,-78.62444
994,W1031,2125.866666666667,W1031,W1031SK,First Baptist Church Carolina Beach,,409 N Lake Park Blvd,Carolina Beach,NC,28428,NEWHANOVER,409 N Lake Park Blvd Carolina Beach NC 28428,34.0369365,-77.8937046
995,W1032,3431.5625,W1032,W1032FP,Lake Waccamaw Food Ministry,Waccamaw,300 Sam Potts Hwy,Lake Waccamaw,NC,28450,COLUMBUS,300 Sam Potts Hwy Lake Waccamaw NC 28450,34.3221255,-78.5272233
996,W1033,8944.625,W1033,W1033FP,First Baptist Church of Leland,,517 Village Rd,Leland,NC,28451,BRUNSWICK,517 Village Rd Leland NC 28451,34.255612,-78.0433385
997,W1034,59091.26638888889,W1034,W1034FP,First Fruit Ministries,,2750 Vance St,Wilmington,NC,28412,NEWHANOVER,2750 Vance St Wilmington NC 28412,34.188689,-77.9404324
998,W1035,1060.5,W1035,W1035FP,First in Families,The ARC of NC,5041 New Centre Dr Ste 100,Wilmington,NC,28403,NEWHANOVER,5041 New Centre Dr Ste 100 Wilmington NC 28403,34.2394229,-77.8767504
999,W1036,47405.208333333336,W1036,W1036FP,Good Shepherd Center,,811 Martin St,Wilmington,NC,28401,NEWHANOVER,811 Martin St Wilmington NC 28401,34.2185296,-77.9370291
1001,W1038,60053.75,W1038,W1038BP,Harvest Table,BackPack Program,First Baptist Church,Whiteville,NC,28472,COLUMBUS,First Baptist Church Whiteville NC 28472,34.334469,-78.698576
1003,W1039,7447.295972222222,W1039,W1039FP,Helping Hands,St Stanislaus Church,4849 Castle Hayne Rd,Castle Hayne,NC,28429,NEWHANOVER,4849 Castle Hayne Rd Castle Hayne NC 28429,34.339874,-77.9075701
1004,W1040,5732.197647058823,W1040,W1040FP,Hills Chapel Missionary,Baptist Church,2521 Little Kelly Rd,Rocky Point,NC,28457,PENDER,2521 Little Kelly Rd Rocky Point NC 28457,34.464463,-77.951676
1005,W1041,14135.856666666668,W1041,W1041FP,House of Mercy Outreach,Global River Church,4702 S College Rd,Wilmington,NC,28412,NEWHANOVER,4702 S College Rd Wilmington NC 28412,34.1559935,-77.8921828
1006,W1042,7544.201680672269,W1042,W1042FP,Inspirational House of Praise,,1005 Village Rd,Leland,NC,28451,BRUNSWICK,1005 Village Rd Leland NC 28451,34.255612,-78.0433385
1007,W1043,570.0,W1043,W1043KC2,KC - The Holmes Movement,,300 N Walker St,Burgaw,NC,28425,PENDER,300 N Walker St Burgaw NC 28425,34.554616,-77.926316
1008,W1044,889.0555555555555,W1044,W1044KC,KC - Wilmington Residential,,Freedom's Way Ministries,Wilmington,NC,28403,NEWHANOVER,Freedom's Way Ministries Wilmington NC 28403,34.063369,-78.199404
1009,W1045,393.0,W1045,W1045AS,Kids Making It Inc,,617 Castle St,Wilmington,NC,28401,NEWHANOVER,617 Castle St Wilmington NC 28401,34.2284436,-77.9407689
1010,W1046,122.0,W1046,W1046BP,Lake Waccamaw UMC,,506 Lakeshore Dr,Lake Waccamaw,NC,28450,COLUMBUS,506 Lakeshore Dr Lake Waccamaw NC 28450,34.314565,-78.515219
1011,W1047,515.5,W1047,W1047SP,SP - Laney High School Pantry,,2700 N College Rd,Wilmington,NC,28405,NEWHANOVER,2700 N College Rd Wilmington NC 28405,34.2975633,-77.8721049
1012,W1048,11178.90909090909,W1048,W1048DR,Liberty Ministries,,7957 Market St,Wilmington,NC,28411,NEWHANOVER,7957 Market St Wilmington NC 28411,34.2671158,-77.8240909
1013,W1049,89017.38822727272,W1049,W1049FP,Lifesavers Outreach,Services Inc,415 W Walter St,Whiteville,NC,28472,COLUMBUS,415 W Walter St Whiteville NC 28472,34.3233843,-78.7095841
1014,W1050,3034.0,W1050,W1050GH,LINC Inc,,222 Division Dr,Wilmington,NC,28401,NEWHANOVER,222 Division Dr Wilmington NC 28401,34.263499,-77.926071
1015,W1051,6076.916666666667,W1051,W1051FP,Living Word Church,Community Care & Share,98 Old Chadbourn Hwy,Chadbourn,NC,28431,COLUMBUS,98 Old Chadbourn Hwy Chadbourn NC 28431,34.327883,-78.789245
1016,W1052,13977.391304347826,W1052,W1052FP,Livingstones Tabernacle,,127 Sloop Point Loop Rd,Hampstead,NC,28443,PENDER,127 Sloop Point Loop Rd Hampstead NC 28443,34.412639,-77.651259
1017,W1053,32940.5119047619,W1053,W1053FP,Love of Christ Ministries,,4308 Bus 17 NE,Bolivia,NC,28422,BRUNSWICK,4308 Bus 17 NE Bolivia NC 28422,34.077633,-78.140588
1018,W1054,19131.527777777777,W1054,W1054BP1,BP - Matthew's Ministry,,8500 E Oak Island Dr,Oak Island,NC,28465,BRUNSWICK,8500 E Oak Island Dr Oak Island NC 28465,33.90886,-78.079714
1019,W1055,11806.9248989899,W1055,W1055FP1,Men and Women United for,Youth and Families,1795 Woodyard Rd,Reigelwood,NC,28456,COLUMBUS,1795 Woodyard Rd Reigelwood NC 28456,34.377498,-78.291123
1020,W1056,38511.85143939394,W1056,W1056FP,Mother Hubbard's Cupboard,,315 Red Cross St,Wilmington,NC,28401,NEWHANOVER,315 Red Cross St Wilmington NC 28401,34.2413561,-77.9458273
1021,W1057,1752.7777777777778,W1057,W1057FP,Mt. Olive AME Church - Helping,Hand Food Pantry,1001 S 7th St,Wilmington,NC,28401,NEWHANOVER,1001 S 7th St Wilmington NC 28401,34.223267,-77.939059
1022,W1058,1372.3333333333337,W1058,W1058DR,Myrtle Grove SDA Church ,,7547 Carolina Beach Road,Wilmington,NC,28412,NEWHANOVER,7547 Carolina Beach Road Wilmington NC 28412,34.1590967,-77.9121647
1023,W1059,321.0,W1059,W1059OTH,National Center for Outdoor,,9809 River Rd,Wilmington,NC,28412,NEWHANOVER,9809 River Rd Wilmington NC 28412,34.1722564,-77.9487802
1024,W1061,2903.915294117647,W1061,W1061FP,New Beginnings Community,,1104 Richard Switch Rd,Currie,NC,28435,PENDER,1104 Richard Switch Rd Currie NC 28435,34.432331,-78.065128
1025,W1065,26857.80701754386,W1065,W1065BP1,Nourish NC,,3606 Market Street ,Wilmington,NC,28403,NEWHANOVER,3606 Market Street  Wilmington NC 28403,34.240665,-77.9015865
1026,W1067,834.8888888888889,W1067,W1067SON,"Pender Adult Services, Inc.",,901 S Walker St,Burgaw,NC,28425,PENDER,901 S Walker St Burgaw NC 28425,34.543101,-77.912801
1027,W1068,19276.22246212121,W1068,W1068BP1,Pender County Christian Services ,Backpack Burgaw Elementary,400 N Wright St,Burgaw,NC,28425,PENDER,400 N Wright St Burgaw NC 28425,34.55567,-77.928269
1036,W1069,1816.9166666666663,W1069,W1069DR,Philippians 3: Ministries Inc,,20 N 4th St,Wilmington,NC,28401,NEWHANOVER,20 N 4th St Wilmington NC 28401,34.2363809,-77.9444304
1037,W1070,5403.666666666667,W1070,W1070GH,PORT Health Services,Stepping Stone Manor,416 Walnut St,Wilmington,NC,28401,NEWHANOVER,416 Walnut St Wilmington NC 28401,34.2401639,-77.9449171
1038,W1072,13092.899166666666,W1072,W1072FP,Salvation and Deliverance Family Worship Center,Church,4402 NW Rd,Leland,NC,28451,BRUNSWICK,4402 NW Rd Leland NC 28451,34.244802,-78.120908
1039,W1073,22403.5,W1073,W1073FP,Salvation Army - Wilmington,,20 N 4th Street Suite 300,Wilmington,NC,28401,NEWHANOVER,20 N 4th Street Suite 300 Wilmington NC 28401,34.2363809,-77.9444304
1040,W1077,781.1666666666666,W1077,W1077KSM,SFSP - Washington Chapel Miss.,,347 Bell Fork Rd,Jacksonville,NC,28540,ONSLOW,347 Bell Fork Rd Jacksonville NC 28540,34.7590629,-77.3976506
1041,W1078,968.5,W1078,W1078KSM,SFSP - Wilmington Family,,2710 Market St,Wilmington,NC,28403,NEWHANOVER,2710 Market St Wilmington NC 28403,34.2389913,-77.9116983
1042,W1079,34125.02902777778,W1079,W1079BP2,BP- Share the Table Inc,Faith Harbor,16700 US Hwy 17,Hampstead,NC,28443,PENDER,16700 US Hwy 17 Hampstead NC 28443,34.381669,-77.694601
1044,W1080,3127.5,W1080,W1080FP,Shoreline Baptist Church ,,4198 Vanessa Dr,Southport,NC,28461,BRUNSWICK,4198 Vanessa Dr Southport NC 28461,33.928757,-78.067981
1045,W1081,1692.2105263157894,W1081,W1081FP,Sonrise Independent Baptist,,8375 River Rd,Southport,NC,28461,BRUNSWICK,8375 River Rd Southport NC 28461,33.92387,-78.006413
1046,W1082,6093.9673291925465,W1082,W1082FP,South Brunswick Inter-Church,Council,3610 Express Dr,Shallotte,NC,28459,BRUNSWICK,3610 Express Dr Shallotte NC 28459,34.195478,-77.928737
1047,W1083,49563.35,W1083,W1083FP,Southport Oak Island InterChur,,249 W Boiling Spring Rd,Boiling Spring Lakes,NC,28461,BRUNSWICK,249 W Boiling Spring Rd Boiling Spring Lakes NC 28461,34.0282189,-78.0685646
1048,W1084,5058.522727272727,W1084,W1084FP,St. Brendans Church,,5101 Ocean Hwy W,Shallotte,NC,28470,BRUNSWICK,5101 Ocean Hwy W Shallotte NC 28470,33.9558708,-78.4315561
1049,W1085,8973.004583333333,W1085,W1085FP,St. Joseph Parish Outreach,,1303 Hwy 117 S,Burgaw,NC,28425,PENDER,1303 Hwy 117 S Burgaw NC 28425,34.536464,-77.907419
1050,W1086,4100.142857142857,W1086,W1086FP,St. Jude's Metropolitan,Community Church,19 N 26th St,Wilmington,NC,28405,NEWHANOVER,19 N 26th St Wilmington NC 28405,34.2396063,-77.9136245
1051,W1087,2970.684210526316,W1087,W1087FP,St. Mary Missionary Baptist,Amazing Grace Food Pantry,6401 Ocean Hwy E,Winnabow,NC,28479,BRUNSWICK,6401 Ocean Hwy E Winnabow NC 28479,34.14466,-78.093843
1052,W1088,127012.13612040134,W1088,W1088FP,St. Paul A.M.E. Zion Church,,507 Money Hole Rd,Bolton,NC,28423,COLUMBUS,507 Money Hole Rd Bolton NC 28423,34.320544,-78.269605
1053,W1089,3369.780701754386,W1089,W1089SK,St. Peter The Fisherman Church,,314 S Carolina Ave,Wilmington,NC,28401,NEWHANOVER,314 S Carolina Ave Wilmington NC 28401,34.2085596,-77.9465199
1054,W1090,1021.0,W1090,W1090FP,Step up For Soldiers,,2412 Infantry Rd,Wilmington,NC,28405-8889,NEWHANOVER,2412 Infantry Rd Wilmington NC 28405-8889,34.262924,-77.893563
1055,W1091,1353.5384615384614,W1091,W1091FP,Straightway Ministries,,3705 US Hwy 421 N,Wilmington,NC,28401,NEWHANOVER,3705 US Hwy 421 N Wilmington NC 28401,34.1541527,-77.908157
1056,W1092,71.92307692307692,W1092,W1092SOF,Temple of Israel - Weekend,Meals on Wheels,922 Market St,Wilmington,NC,28401,NEWHANOVER,922 Market St Wilmington NC 28401,34.2360981,-77.9376773
1057,W1093,158.8,W1093,W1093FP,The Help Center of Federal,"Point, Inc",7 N 3rd St,Carolina Beach,NC,28428,NEWHANOVER,7 N 3rd St Carolina Beach NC 28428,34.0342198,-77.8961503
1058,W1094,1277.4886363636365,W1094,W1094GH,Hope Recuperative Care,,4804 Wrightsville Avenue,Wilmington,NC,28403,NEWHANOVER,4804 Wrightsville Avenue Wilmington NC 28403,34.2138048,-77.8833675
1059,W1095,18835.5,W1095,W1095DR,The Lord's Church,,1502 E Lake Shore Dr,Wilmington,NC,28401,NEWHANOVER,1502 E Lake Shore Dr Wilmington NC 28401,34.2142539,-77.9410715
1060,W1096,2508.8947368421054,W1096,W1096FP,The Rock of Wilmington,,3233 Burnt Mill Dr Ste 1,Wilmington,NC,28403,NEWHANOVER,3233 Burnt Mill Dr Ste 1 Wilmington NC 28403,34.230657,-77.902415
1061,W1097,7908.543333333334,W1097,W1097FP,The Sister Isaac Center,Basilica Shrine of St. Mary's,412 Ann St,Wilmington,NC,28401,NEWHANOVER,412 Ann St Wilmington NC 28401,34.2318434,-77.9439634
1062,W1098,19849.208333333336,W1098,W1098FP,Towncreek Vision Corporation,,215 Sunnybrook Way Rd,Leland,NC,28479,BRUNSWICK,215 Sunnybrook Way Rd Leland NC 28479,34.083999,-78.021277
1063,W1099,1158.0,W1099,W1099SH,Transformed by the Word Inc,,CONFIDENTIAL,CONFIDENTIAL,NC,28411,PENDER,CONFIDENTIAL CONFIDENTIAL NC 28411,34.303335,-77.803856
1064,W1100,13252.227053140095,W1100,W1100FP,Trinity Missionary Baptist,Church,883 Holden Beach Rd,Shallotte,NC,28470,BRUNSWICK,883 Holden Beach Rd Shallotte NC 28470,33.9687839,-78.3309932
1065,W1101,4177.391666666666,W1101,W1101DR,Trinity Tabernacle Full,,1029 George II Hwy,Winnabow,NC,28479,BRUNSWICK,1029 George II Hwy Winnabow NC 28479,34.096486,-78.088379
1066,W1103,37029.523888888885,W1103,W1103FP1,Union Missionary Baptist,Church,2711 Princess Pl Dr,Wilmington,NC,28405,NEWHANOVER,2711 Princess Pl Dr Wilmington NC 28405,34.2438416,-77.9119135
1068,W1104,7764.8441558441555,W1104,W1104FP,Victory Independent,Baptist Church,516 Varnamtown Rd,Supply,NC,28462,BRUNSWICK,516 Varnamtown Rd Supply NC 28462,33.941169,-78.248972
1069,W1105,72.0,W1105,W1105SK,Vigilant Hope,,408 Willard St,Wilmington,NC,28401,NEWHANOVER,408 Willard St Wilmington NC 28401,34.215451,-77.94148
1070,W1107,8503.75,W1107,W1107DR,"We Care 4 You Foundation, Inc.",,8910 Hwy 117 N,Watha,NC,28478,PENDER,8910 Hwy 117 N Watha NC 28478,34.690941,-77.977778
1071,W1108,278.85714285714283,W1108,W1108SOF,Weekend Meals on Wheels,Elks Club Sponsored,5102 Oleander Dr,Wilmington,NC,28403,NEWHANOVER,5102 Oleander Dr Wilmington NC 28403,34.2084101,-77.8690436
1072,W1109,1857.1739130434785,W1109,W1109CSFP,CSFP - Willard Outreach,,210 W Fremont St,Burgaw,NC,28425,PENDER,210 W Fremont St Burgaw NC 28425,34.5493279,-77.9284921
1073,W1110,3385.153846153846,W1110,W1110FP,Solomon Towers,,1314 Marstellar St,Wilmington,NC,28402-1311,NEWHANOVER,1314 Marstellar St Wilmington NC 28402-1311,34.2214743,-77.9301963
1074,W1111,219.75,W1111,W1111OTH,Wilmington Preparatory Academy,Wilmington Ace Charter Inc,134 Cinema Dr,Wilmington,NC,28405,NEWHANOVER,134 Cinema Dr Wilmington NC 28405,34.239064,-77.89191
1075,W1112,92.0,W1112,W1112OTH,Wlmgtn Demonstration Kitchen,Food Bank,1314 Marstellar St,Wilmington,NC,28401,NEWHANOVER,1314 Marstellar St Wilmington NC 28401,34.2214743,-77.9301963
1076,W1113,7505.192307692308,W1113,W1113FP,Wrightsboro United Methodist,Church,3300 N Kerr Ave,Wilmington,NC,28405,NEWHANOVER,3300 N Kerr Ave Wilmington NC 28405,34.2597118,-77.8878785
1077,W1114,1448.9285714285716,W1114,W1114OTH,YWCA - Grandparents Support,Network,125 S Third St,Wilmington,NC,28401,NEWHANOVER,125 S Third St Wilmington NC 28401,34.233646,-77.945701
1078,W1119,84.0,W1119,W1119KSM,SFSP- New Born Church of God,,105 Rocky Point,Rocky Point, NC,28457,PENDER,105 Rocky Point Rocky Point  NC 28457,34.4287796,-77.8806313
1079,W1120,434.0,W1120,W1120KSM,SFSP - Temple Baptist,,709 George Anderson Drive,Wilmington,NC,28405,NEWHANOVER,709 George Anderson Drive Wilmington NC 28405,34.1689847,-77.9192385
1080,W1121,131.0,W1121,W1121KSM,SFSP-YMCA SE NC Leland,,"1107 New Pointe Blvd, Suite 24",Leland,NC,28451,BRUNSWICK,"1107 New Pointe Blvd, Suite 24 Leland NC 28451",34.2126891,-78.0224307
1081,W1128,36459.75,W1128,W1128DR,Town of Atkinson,,200 N. Town Hall Avenue,Atkinson,NC,28421,PENDER,200 N. Town Hall Avenue Atkinson NC 28421,34.529063,-78.17328
1082,W1129,255.0,W1129,W1129DR,Trillium Health Resources ,,3809 Shipyard Blvd,Wilmington,NC,28403,NEWHANOVER,3809 Shipyard Blvd Wilmington NC 28403,34.1968156,-77.9012068
1083,W1130,326.0,W1130,W1130DR,Eastpointe,,514 East Main Street,Beulaville,NC,28518,DUPLIN,514 East Main Street Beulaville NC 28518,34.9225803,-77.768154
1084,W1131,844.4,W1131,W1131FP,Christian Community Caring Center ,4 C’s Food Pantry ,15200 US Hwy 17 ,Hampstead,NC,28443,PENDER,15200 US Hwy 17  Hampstead NC 28443,34.370926,-77.706827
1085,W1132,163.0,W1132,W1132SP,SP - Hawk's Harvest UNCW Student Food Pantry,,4802 College Acres Drive,Wilmington,NC,28403,NEWHANOVER,4802 College Acres Drive Wilmington NC 28403,34.2298887,-77.8708091
1086,W1133,27350.00947368421,W1133,W1133FP,Cornerstone Baptist Church,,1638 Lanvale Rd,Leland,NC,28451,BRUNSWICK,1638 Lanvale Rd Leland NC 28451,34.2376941,-78.0558004
1087,W1136,24452.95888888889,W1136,W1136FP,Iglesia Vision 3D ,,359 Mercer Ave,Wilmington,NC,28403,NEWHANOVER,359 Mercer Ave Wilmington NC 28403,34.2333242,-77.9056784
1088,W1137,8678.625,W1137,W1137FP,"The A.C.T.S. Movement, Inc. ",,1019 Meares St,Wilmington,NC,28401,NEWHANOVER,1019 Meares St Wilmington NC 28401,34.222525,-77.934919
1089,W1138,629.75,W1138,W1138FP,Saint Luke AME Zion Church,,709 Church St,Wilmington,NC,28401,NEWHANOVER,709 Church St Wilmington NC 28401,34.2298538,-77.939162
1090,W1140,7984.0,W1140,W1140FP,Novant Health New Hanover Regional Medical Center ,Food Pharmacy Program ,2131 S 17th St,Wilmington ,NC,28401,NEWHANOVER,2131 S 17th St Wilmington  NC 28401,34.2050891,-77.9210562
